word,term_id
vial,0
miseria,1
multi-gener,2
abound,3
costa,4
accommod,5
disturb,6
latin,7
barbera,8
terrin,9
spiritu,10
2022,11
formula,12
forti,13
krèsio,14
30,15
everywher,16
diet,17
earli,18
stanc,19
ciasa,20
mash,21
agnes,22
fischetti,23
desir,24
mar,25
anise,26
1954,27
caserta,28
shark,29
sardinian,30
deep,31
throw,32
resound,33
albeit,34
storia,35
vilòn,36
gnocchetti,37
indefatig,38
kondo,39
belong,40
proud,41
mislead,42
uliveto,43
quintogusto,44
altitud,45
iuliano,46
5,47
mid-1800,48
fiordaliso,49
significantli,50
nuvola,51
caravello,52
sri,53
meet,54
betray,55
villa,56
overwhelm,57
demand,58
rosso,59
picnic,60
kind,61
icehous,62
peposo,63
virginia,64
pasta-mak,65
emilian-styl,66
straw-seat,67
bucchero,68
1952,69
scapecchi,70
pet,71
pantheon,72
el,73
11c,74
feast,75
carrello,76
vittoria,77
salada,78
late-18c,79
archestrato,80
tourism,81
asia,82
blasio,83
800,84
alkerm,85
pascucci,86
nicolosi,87
salvator,88
eben,89
portinari,90
necessarili,91
cuoco,92
europa,93
baroqu,94
michelin,95
hint,96
odyssey,97
prà,98
lionetti,99
baldo,100
omaggio,101
oliva,102
counter,103
timeless,104
carpentri,105
done,106
temporari,107
bravo,108
latemar,109
flora,110
libera,111
bordighera,112
essenzial,113
campania,114
rice-,115
respons,116
magnific,117
reserv,118
art,119
sugar,120
inspector,121
nuzzo,122
guidi,123
sein,124
hop,125
bottega,126
theodor,127
mop,128
tret,129
sassicaia,130
puntarel,131
refer,132
ambit,133
lounge-cum-librari,134
one-room,135
friendship,136
took,137
pipero,138
sant,139
casentino,140
model,141
medic,142
roman-,143
pleasur,144
patrignano,145
riesl,146
floor,147
avoid,148
healthi,149
cogliardo,150
outli,151
cat,152
narducci,153
attent,154
tartlet,155
cairo,156
lush,157
carpet,158
mix,159
aromat,160
castl,161
serra,162
global,163
orti,164
cielo,165
top-of-the-rang,166
vomero,167
barbecue-gril,168
arrigoni,169
giacchini,170
driver,171
cookwar,172
alain,173
reput,174
perno,175
terracina,176
cornic,177
take,178
crispi,179
maccheroncini,180
effect,181
older,182
patat,183
chose,184
arsenal,185
quarter,186
falco,187
tagliata,188
conserv,189
starck,190
majest,191
heritag,192
belveder,193
byron,194
runner,195
radiu,196
bu,197
langosteria,198
15c,199
japan,200
drawback,201
ancient,202
lucassino,203
gasthau,204
1958.,205
british,206
adig,207
traditional-styl,208
roman-styl,209
savio,210
1973,211
reign,212
transform,213
perch,214
brighten,215
junip,216
alfonso,217
copiou,218
broken,219
on-trend,220
pedestrianis,221
90,222
chapter,223
vital,224
crumb,225
triangl,226
baldassarr,227
duo,228
self-taught,229
ventur,230
discuss,231
mediev,232
cime,233
1938,234
porteri,235
complement,236
par,237
pavement,238
hand,239
suzuki,240
tajarin,241
medium,242
lack,243
norma,244
andré,245
alighiero,246
accept,247
profeta,248
pan,249
basi,250
silvana,251
product,252
pignatelli,253
soya,254
uncompromis,255
frati,256
remind,257
opra,258
rebosio,259
pub,260
all-femal,261
contemporary-styl,262
chaotic,263
corbara,264
sui,265
benefit,266
tardiva,267
embark,268
mascia,269
row,270
sull,271
home-mad,272
surgic,273
showcas,274
reward,275
tender,276
overal,277
12c,278
brother,279
drip,280
european,281
sparingli,282
valtellino,283
caramanico,284
landscap,285
mora,286
highli,287
arborina,288
anchovy-bas,289
flere,290
request,291
nostri,292
larg,293
expens,294
polenta,295
enchant,296
9th,297
symbol,298
flawless,299
profession,300
ampezzo,301
silverwar,302
malatesta,303
environ,304
grano,305
entrecot,306
library-styl,307
said,308
ciucci,309
re-open,310
statuett,311
nino,312
glad,313
wholeheartedli,314
plin,315
workshop,316
scalera,317
lentil,318
4,319
100m,320
verbena,321
biodynam,322
hide,323
piedmontes,324
golfi,325
pelizzari,326
tegamaccio,327
cycl,328
proxim,329
borlotti,330
three-dish,331
qafiz,332
touch,333
sciliar,334
futurist,335
kratter,336
danilo,337
architectur,338
1956.,339
singl,340
cortil,341
teramo,342
bress,343
well-spaced-out,344
pepperi,345
marotta,346
eater,347
burrida,348
residential-styl,349
falzarego,350
manich,351
christma,352
venaria,353
seminari,354
chanc,355
praianes,356
flight,357
meat-fil,358
would,359
less-known,360
trafoier,361
eden,362
monterosso,363
year,364
whelk,365
fall,366
mupa,367
zunica,368
fishmong,369
ultra-fresh,370
isola,371
two-room,372
showroom,373
controversi,374
iacopo,375
gain,376
gone,377
pucia,378
runat,379
strawberri,380
barisano,381
keyword,382
candia,383
trotter,384
1913.,385
long-stand,386
salt-,387
explod,388
food,389
bulk,390
prosper,391
lucia,392
genoa,393
te,394
fattori,395
casamadr,396
outdoor,397
current,398
malcesin,399
natal,400
asolo,401
heed,402
determin,403
stabl,404
velouté,405
porch,406
milda,407
rebirth,408
20.the,409
view,410
gastrosteria,411
carlotta,412
cervinia,413
fabbro,414
magic,415
pirro,416
chard,417
durat,418
neo-class,419
cantinon,420
speck,421
flow,422
pesto,423
sure,424
son,425
porcini,426
94/a,427
vertic,428
mercato,429
coffe,430
milanese-styl,431
coffee-pair,432
cattl,433
cocoa,434
muffl,435
aristocraci,436
present,437
antiqu,438
fountain,439
poggio,440
piano,441
intens,442
liner,443
granita,444
suili,445
ciauscolo,446
brand-new,447
frisel,448
veranda-styl,449
cala,450
signora,451
insist,452
half-fri,453
alik,454
cernobbio,455
mauricio,456
incàlmo,457
west,458
hilltop,459
brain,460
letterina,461
lippi,462
vineyard,463
exalt,464
nella,465
duchess,466
quintino,467
serina,468
madoni,469
huge,470
execut,471
isarco,472
cozzi,473
pontinia,474
tool,475
lumen,476
bistro-bar,477
1862,478
jacopo,479
hinterland,480
castelpoto,481
linger,482
grove,483
lime,484
arcangelo,485
ischian-styl,486
reach,487
nostalg,488
makorè,489
suburb,490
peca,491
homeland,492
calabrian-born,493
levi,494
rice-grow,495
monosilio,496
combin,497
es,498
cantuccio,499
three-michelin-star,500
layout,501
bladder,502
13c,503
pancetta,504
multi-star,505
parquet,506
settembr,507
qcina,508
tyroles,509
third,510
samphir,511
equinozio,512
ritual,513
croccantezza,514
meat-bas,515
wander,516
36-month-ag,517
rel,518
giano,519
vegetable-meat,520
bottl,521
dell'annunziata,522
bari,523
chalk,524
after-dinn,525
rasa,526
1933.,527
baronetto,528
tiglio,529
finanziera,530
oltr,531
trumpet,532
entertain,533
cusumano,534
misurina,535
impress,536
descent,537
protect,538
gold,539
gilmor,540
larin,541
kerm,542
proto,543
mattia,544
regret,545
father,546
ethnic,547
caffè,548
prolong,549
golf,550
gherardesca,551
chicori,552
condiment,553
directli,554
1850,555
drago,556
ingles,557
decis,558
outskirt,559
anacapri,560
apt,561
concept,562
campiello,563
20c,564
bufala,565
cuisine–which,566
cervo,567
wear,568
come,569
armerina,570
dimora,571
sbira,572
fleme,573
vin,574
ravenna,575
offici,576
svevo,577
artistri,578
applic,579
miramonti,580
granit,581
lugagnano,582
long-establish,583
contagi,584
femal,585
som,586
24,587
fa,588
african,589
marzullo,590
all-in-al,591
greenhous,592
apprentic,593
curat,594
korean,595
passignano,596
noth,597
advertis,598
neck,599
masashi,600
newest,601
break,602
sutri,603
dirt,604
lucan,605
swim,606
cloud,607
buratti,608
macellaria,609
voghera,610
villag,611
person,612
cucolo,613
sensit,614
3c,615
strozzi,616
alla,617
gentli,618
laqua,619
fussi,620
sforzesco,621
excurs,622
doronzo,623
broast,624
sever,625
chessa,626
piombino,627
cherri,628
‘,629
hoc,630
lavezzini,631
iannotti,632
monasteri,633
wine-bar,634
rediscov,635
maurizio,636
coloni,637
patch,638
pool,639
impecc,640
manzoni,641
track,642
lucchesi,643
frothi,644
quattro,645
velvet-cov,646
puglia,647
teresa,648
scalinata,649
scandinavia,650
santoro,651
napolitan-styl,652
oil,653
pomodoro,654
kebab,655
estat,656
wagyu,657
potato,658
mission,659
post-war,660
australia,661
alici,662
finger,663
english-styl,664
corner,665
awarm,666
ladinia,667
cerrato,668
season,669
renaissance-styl,670
whitefish,671
tone,672
zanini,673
romano,674
apricena,675
mutton,676
deliv,677
trio,678
minestra,679
buffalo,680
w,681
german,682
mountain-styl,683
clement,684
hot,685
povera-styl,686
chickpea,687
settepiatti,688
dress,689
mudec,690
asbacari,691
spectacular,692
1964.,693
carlo,694
address,695
stood,696
deconsecr,697
creativ,698
withzabaion,699
everi,700
cannara,701
nissen,702
fare,703
june-august,704
waffl,705
matur,706
temperini,707
ceil,708
attimi,709
plin–,710
indic,711
lacco,712
iberian,713
episod,714
underli,715
referenc,716
abruzzo,717
ivano,718
tumin,719
featur,720
spinechil,721
cocktail,722
nuov,723
cembra,724
sant'erasmo,725
azur,726
rosemari,727
6-8-cours,728
maratea,729
eel,730
depict,731
gem,732
focus,733
all,734
intramontabili,735
scenic,736
fond,737
gronchi,738
aic,739
sour-cherri,740
majolica,741
trentingrana,742
cassoeula,743
gleam,744
manner,745
un'esperienza,746
fernando,747
pinot,748
lukewarm,749
cane,750
sabino,751
coat,752
seriou,753
dumpl,754
tenn,755
overlook,756
lillaz,757
fertil,758
bird,759
antico,760
exot,761
maccheroni,762
montalcino,763
spit,764
bianconi,765
tantalis,766
molis,767
goe,768
center,769
well-known,770
atmospher,771
teach,772
scarello,773
particularli,774
sector,775
sakai,776
nameindiniòmean,777
vendemmia,778
spleen,779
say,780
nod,781
boundari,782
australian,783
1920,784
carannant,785
ristretto,786
baia,787
1984-2024,788
ghirlanda,789
asti,790
plum,791
liquid,792
thing,793
birth,794
carignano,795
tini,796
effortlessli,797
gara,798
tantal,799
risen,800
profus,801
2023.,802
palomba,803
sacro,804
last,805
bistro-styl,806
1919.,807
risotto,808
8,809
medici,810
fornari,811
thetortellini,812
saltimbocca,813
post,814
trentacosti,815
galleria,816
well,817
50,818
someth,819
agnoli,820
archangel,821
suzzara,822
half-italian,823
half-,824
scheme,825
wine-buff,826
giardino,827
volterra,828
fuss,829
chestnut-flour,830
chicken,831
napoli,832
pastissada,833
sadler,834
vesuviu,835
lanteri,836
prodigi,837
tablet,838
saor,839
hosteria,840
wild,841
pari,842
motorway,843
twin,844
rho,845
vallicella,846
papaya,847
nitto,848
best-lov,849
fabbrica,850
venison,851
mirabella,852
gene,853
guardroom,854
durnwald,855
bacchu,856
bosana,857
beansprout,858
better,859
cambio,860
amaron,861
bianca,862
pilgrim,863
cattivelli,864
compromis,865
pontino,866
neither,867
winckel,868
baccalà,869
acquaint,870
narrowest,871
marchini,872
verdant,873
ferri,874
fell,875
metronom,876
neri,877
declinata,878
sara,879
160,880
palazzi,881
enter,882
italian,883
culinari,884
contain,885
kong,886
imagin,887
nostalgia,888
adopt,889
no-holds-bar,890
8-cours,891
gnocchi,892
20km,893
vehicl,894
ceram,895
leas,896
journey,897
petru,898
ristorant,899
bergamot,900
frescada,901
horatio,902
fossaceca,903
risultato,904
marin,905
jut,906
augustu,907
husband-and-wif,908
metalwork,909
funicular,910
lele,911
passeggiata,912
threshold,913
citi,914
barberini,915
phone,916
1882,917
open-plan,918
iconica,919
suitabl,920
passioni,921
beneventano,922
gaze,923
better-known,924
ecosystem,925
francica,926
applaus,927
breed,928
masterli,929
bronze-cut,930
task,931
masterpiec,932
nut,933
leemann,934
calf,935
geographi,936
naval,937
big,938
barolo,939
santuario,940
plessi,941
sinuou,942
scent,943
dal,944
cheek,945
grandmoth,946
long-held,947
challeng,948
indian,949
speci,950
variat,951
sweet-and-sour,952
miso,953
enclos,954
tournedo,955
drop,956
winter,957
troisi,958
totano,959
casual,960
postomean,961
madonnina,962
taglienti,963
conceiv,964
urquiola,965
tidi,966
scamardella,967
ultra-modern,968
gatto,969
mid-19c,970
peac,971
flan,972
farmyard,973
intuit,974
terrace-cum-loung,975
stone,976
offida,977
outdooral,978
scaligero,979
divid,980
seri,981
nina,982
hazelnut,983
imprint,984
previous,985
extraordinaryagnolotti,986
busier,987
anniversari,988
nation,989
colli,990
duomo,991
area,992
bacoli,993
spite,994
psych,995
comic,996
progress,997
”,998
romani,999
abat,1000
orang,1001
brisket,1002
contrast,1003
singer,1004
cappellaccio,1005
bassano,1006
railway,1007
seduc,1008
rosemary-flavour,1009
fortress,1010
domenica,1011
estate-cum-agriturismo,1012
laurin,1013
hike,1014
broader,1015
poor,1016
teano,1017
teal,1018
house-on-stilt,1019
econom,1020
simplic,1021
stage-lik,1022
jorg,1023
expon,1024
decor,1025
intend,1026
eraclio,1027
reason,1028
violetta,1029
samboseto,1030
shop,1031
rispo,1032
record,1033
old-school,1034
riomaggior,1035
soy,1036
soft-shel,1037
wine-par,1038
e-bik,1039
contamin,1040
industrial-styl,1041
tortuga,1042
più,1043
beneath,1044
dall'orto,1045
old,1046
boulder,1047
barchessa,1048
contemporanea,1049
spin,1050
quit,1051
predict,1052
unstuffi,1053
farmer,1054
fork,1055
sibillini,1056
degustazion,1057
vigezzo,1058
servizio,1059
letter,1060
secondli,1061
sampl,1062
jelli,1063
fabric,1064
moscato,1065
2016,1066
restrict,1067
sant'ambrogio,1068
lavagna,1069
hundr,1070
shallot,1071
zabaion,1072
cesar,1073
futur,1074
fàula,1075
traditions.,1076
paulo,1077
lopez,1078
sincer,1079
paid,1080
sashimi,1081
island,1082
kept,1083
sgrò,1084
cousin,1085
torta,1086
whether,1087
obvious,1088
zone,1089
dop,1090
sculptor,1091
abruzzesetorronenam,1092
meati,1093
climat,1094
confini,1095
borsa,1096
ginetta,1097
maezza,1098
fatty-acid,1099
chop,1100
variou,1101
concept-bas,1102
cantin,1103
got,1104
raffael,1105
fragsburg,1106
smallest,1107
30th,1108
bake,1109
mosaic,1110
armchair,1111
teles,1112
presenc,1113
trust,1114
visitor,1115
thesopa,1116
natura,1117
aost,1118
creami,1119
tronto,1120
salcheto,1121
refurbish,1122
boredom,1123
pacentro,1124
tortellini,1125
caciocavallo,1126
nineteenth-centuri,1127
vergin,1128
jealous,1129
seafront,1130
dentex,1131
design,1132
freshli,1133
castiglion,1134
pastureland,1135
imagna,1136
structur,1137
giuliano,1138
essenti,1139
gatti,1140
scallop,1141
volumnia,1142
dialect,1143
courgett,1144
1700,1145
tell,1146
order,1147
porceddu,1148
prelud,1149
facil,1150
bavaglino,1151
pair,1152
mad100,1153
continu,1154
vera,1155
intertwin,1156
elong,1157
scorzonera,1158
incompar,1159
modo,1160
hardli,1161
umbrin,1162
geograph,1163
mä,1164
salvia,1165
crumbl,1166
egnazia,1167
alpeggio,1168
feltr,1169
italo,1170
notabl,1171
piemontes,1172
bolgheri,1173
reconnect,1174
langa,1175
pezzogna,1176
santini,1177
strombolicchio,1178
prais,1179
cook,1180
nigro,1181
tano,1182
casertano,1183
rapini,1184
caraf,1185
shadow,1186
700,1187
capitan,1188
trabe,1189
milazzo,1190
pock,1191
soul,1192
pastur,1193
vernaccia,1194
young,1195
built-in,1196
lamezia,1197
pallanza,1198
coach-hous,1199
“,1200
pistachio,1201
much-covet,1202
skimp,1203
encourag,1204
instagram,1205
lepor,1206
passard,1207
palat,1208
increas,1209
david,1210
posti,1211
flagship,1212
rememb,1213
lama,1214
gioconda,1215
côtes-du-rhôn,1216
fulfil,1217
roast,1218
sulmona,1219
girella,1220
re-heat,1221
lefay,1222
box,1223
bartoli,1224
sa,1225
crudo,1226
win,1227
welcom,1228
stagion,1229
convent,1230
amalfi,1231
blanch,1232
button,1233
vico,1234
uphold,1235
2022.,1236
element,1237
flavio,1238
2004.,1239
north-west,1240
thick,1241
foot,1242
doc,1243
francesca,1244
worthwhil,1245
milanes,1246
emilian,1247
balanc,1248
gragnano,1249
charismat,1250
der,1251
envisag,1252
degan,1253
farewel,1254
fennel,1255
io,1256
bridg,1257
dwell,1258
angelina,1259
no-wast,1260
simpl,1261
river,1262
carpacci,1263
standard,1264
set,1265
moena,1266
picturesqu,1267
suquet,1268
stronghold,1269
sardin,1270
early-19c,1271
seasid,1272
home-bak,1273
problem,1274
iacobucci,1275
chatgpt,1276
antonini,1277
room/cellar,1278
sweetcorn,1279
expertli,1280
brainchild,1281
breton,1282
await,1283
cucina,1284
fli,1285
non-stop,1286
italian-styl,1287
120,1288
napoleon,1289
placemat,1290
rebuilt,1291
remodel,1292
dozen,1293
gabicc,1294
militari,1295
glimps,1296
meravigliao,1297
male,1298
codol,1299
osti,1300
saint,1301
century-old,1302
monferrini,1303
fruit,1304
grew,1305
cason,1306
mentor,1307
thought-out,1308
mugo,1309
1877,1310
gisela,1311
alberto,1312
trastever,1313
byzantin,1314
marchigiana,1315
"1,000",1316
laurel,1317
pre-dessert,1318
refuge,1319
marbl,1320
tast,1321
famousgallegaandwagyu,1322
zito,1323
henri,1324
father-and-son,1325
capocollo,1326
au,1327
cacciag,1328
discreet,1329
sesam,1330
refectori,1331
rustic-styl,1332
undergon,1333
yet,1334
stock,1335
wooden,1336
2019,1337
fairli,1338
valtellines,1339
eateri,1340
battuta,1341
canderli,1342
stagional,1343
giglio,1344
flowersand,1345
out-of-town,1346
golpaia,1347
1mq,1348
martina,1349
occhiovivo,1350
overcom,1351
alcohol,1352
monza,1353
2014,1354
bend,1355
bruxaboschi,1356
fridg,1357
tin,1358
sunni,1359
cantafio,1360
polignano,1361
eas,1362
moresca,1363
learnt,1364
valdestali,1365
valid,1366
dialogu,1367
saletta,1368
termeno,1369
perus,1370
orta,1371
arso,1372
spezia,1373
skewer,1374
pancotto,1375
remain,1376
fior,1377
underst,1378
vulcanello,1379
polystyren,1380
one,1381
translat,1382
russo,1383
guinea,1384
sagramoso,1385
select,1386
provinc,1387
hold,1388
updat,1389
abou,1390
banish,1391
undisput,1392
pizzetta,1393
pig,1394
contemporaneità,1395
macaroni,1396
speranzina,1397
ruffano,1398
juan,1399
lost,1400
1300,1401
made,1402
dark,1403
nearbi,1404
arancina,1405
dolc,1406
gastronomi,1407
umbrella,1408
team,1409
luppi,1410
destroy,1411
persuad,1412
fauna,1413
cerreta,1414
shoulder,1415
veget,1416
saddl,1417
oseleta,1418
berghotel,1419
blue-and-whit,1420
dream,1421
maial,1422
classic-contemporari,1423
dry-cur,1424
troccoli,1425
trendi,1426
patagonian,1427
caretak,1428
neighbourhood,1429
wrought,1430
ghezzi,1431
boeri,1432
respect,1433
warm,1434
early-20c,1435
begin,1436
barbaresco,1437
emilio,1438
saporito,1439
pasquo,1440
histor,1441
clitunno,1442
lavazza,1443
zarri,1444
junction,1445
manoppello,1446
palai,1447
collina,1448
sweet-sour,1449
lunigiana,1450
fogli,1451
-style,1452
calabrian,1453
cegli,1454
mengoni,1455
never,1456
padova,1457
burger,1458
unsurprisingli,1459
encount,1460
film,1461
marrow,1462
fig,1463
jar,1464
incorpor,1465
lampascioni,1466
lower,1467
abbey,1468
pasqual,1469
tempura,1470
longest-held,1471
occupi,1472
minimum,1473
held,1474
warn,1475
beretta,1476
misto,1477
woodland,1478
pork,1479
actual,1480
300ha,1481
busa,1482
agnolotti,1483
'mpustarella,1484
seven,1485
barbequ,1486
mani,1487
sous-chef,1488
exchang,1489
residenti,1490
flamingo,1491
bresciana,1492
provençal-styl,1493
amor,1494
bar-cum-osteria,1495
mirin,1496
introduct,1497
cinnamon,1498
neapolitan-styl,1499
reflect,1500
home,1501
travel,1502
child,1503
macello,1504
bollita,1505
thyme,1506
52,1507
ernesto,1508
lorena,1509
philipp,1510
livestock,1511
painstak,1512
spoltino,1513
murgia,1514
500m,1515
bagheria,1516
pietro,1517
shrine,1518
bue,1519
land,1520
chain,1521
brais,1522
1804.,1523
baiocco,1524
concentr,1525
wood-adorn,1526
augusta,1527
senigallia,1528
onto,1529
stool,1530
palermo,1531
franciacorta,1532
girl,1533
tomato-bas,1534
materi,1535
philosoph,1536
pretti,1537
burratina,1538
job,1539
immortalis,1540
taral,1541
men,1542
risorgimento,1543
brand,1544
fresca,1545
piacentina,1546
spain,1547
right,1548
namelaka,1549
grapefruit,1550
ju,1551
sheep,1552
herb,1553
blackneroi,1554
dashi,1555
connect,1556
access,1557
relax,1558
exit,1559
tufa,1560
liver,1561
voyag,1562
canada,1563
owe,1564
brass,1565
florian,1566
need,1567
appetis,1568
free,1569
compon,1570
food-enthusiast,1571
galli,1572
valazza,1573
fiat,1574
somewhat,1575
twenti,1576
hanger,1577
fellow,1578
rò,1579
york,1580
vito,1581
sultana,1582
c,1583
hamlet,1584
canal,1585
2001,1586
caught,1587
novi,1588
librari,1589
ami,1590
rhubarb,1591
beech,1592
borgo,1593
manufactur,1594
campi,1595
fisichella,1596
slow,1597
ice,1598
calistri,1599
lemon,1600
good-qual,1601
collect,1602
pasteuris,1603
4-7,1604
photograph,1605
lodg,1606
air-condit,1607
graduat,1608
stigliano,1609
kränzelhof,1610
foligno,1611
snow-cov,1612
agostino,1613
4-cours,1614
tomahawk,1615
dolcedo,1616
emblemat,1617
nikita,1618
finer,1619
queen,1620
fine-din,1621
vinilia,1622
shortest,1623
aeolian,1624
assort,1625
creak,1626
owner,1627
profondo,1628
devetak,1629
amaz,1630
fiumicino,1631
50ha,1632
oltrepò,1633
half-hour,1634
sole,1635
saracca,1636
toro,1637
solar,1638
well-train,1639
splendour,1640
operaia,1641
year–i,1642
honey,1643
6.30pm,1644
papa,1645
thailand,1646
nicolini,1647
accord,1648
worth,1649
onofrio,1650
powder-flavour,1651
bernes,1652
throughout,1653
bitto,1654
palluda,1655
24-month,1656
suffic,1657
olmo,1658
mother,1659
complic,1660
siciliana,1661
stem,1662
domin,1663
tita,1664
march,1665
wasabi,1666
unfold,1667
1800,1668
sorrentin,1669
gaio,1670
sound,1671
succe,1672
barbara,1673
cesenatico,1674
offal,1675
nicolò,1676
ferrero,1677
feltrinelli,1678
suppli,1679
gilberto,1680
bar-cum-pasticceria,1681
candlelit,1682
lago,1683
surprisingli,1684
biuso,1685
bella,1686
quasi,1687
nicastro,1688
coco,1689
solaika,1690
extract,1691
sappada,1692
castelmagno,1693
succeed,1694
aspic,1695
21,1696
rebellion,1697
marmot,1698
rice-bas,1699
dalla,1700
laticauda,1701
includesard,1702
roy,1703
sformato,1704
given,1705
verdur,1706
sheer,1707
gallipoli,1708
shuttl,1709
1919,1710
cauldron,1711
gigant,1712
baganza,1713
grassi,1714
baretto,1715
cotoletta,1716
institut,1717
ostiens,1718
bouillabaiss,1719
sfoglin,1720
candiano,1721
legendari,1722
tenerina,1723
michelin-star,1724
escap,1725
spaghetton,1726
vegetal,1727
achiev,1728
toulà,1729
venic,1730
brezza,1731
daunt,1732
lori,1733
kilometr,1734
unlimit,1735
scampi,1736
oxtail,1737
regi,1738
mutuo,1739
thirti,1740
tropea,1741
multi-funct,1742
alassio,1743
emanuel,1744
fano,1745
tataki,1746
besana,1747
pollino,1748
ciociaria,1749
andbonetprovid,1750
agliata,1751
6-8,1752
cagliaritana,1753
brazil,1754
central,1755
palazzo-museum,1756
adult,1757
tristan,1758
corbusi,1759
cake,1760
process,1761
mayb,1762
canton,1763
good-value-for-money,1764
therefor,1765
north-american,1766
feat,1767
tablecloth,1768
langella,1769
renon,1770
renato,1771
brilliant,1772
regal,1773
punt,1774
pleasant,1775
atzeni,1776
coupl,1777
vezzani,1778
pergin,1779
atrani,1780
iron,1781
osteria-styl,1782
1968,1783
age,1784
michelina,1785
soft,1786
tuscan-inspir,1787
leopoldo,1788
reviv,1789
expo,1790
companion,1791
sicignano,1792
shown,1793
ponza,1794
stefano,1795
bologna,1796
varena,1797
fri,1798
valeria,1799
montebor,1800
amo,1801
floral,1802
well-balanc,1803
mecca,1804
scrubland,1805
busiest,1806
silvio,1807
schlosswirt,1808
bisqu,1809
port,1810
bar-bistro,1811
nice,1812
parsley,1813
150th,1814
montefalco,1815
nole,1816
prioritis,1817
dried-cod,1818
isol,1819
antonino,1820
germani,1821
conca,1822
dinner,1823
caviar,1824
twist,1825
pennisi,1826
specialti,1827
tempt,1828
starter,1829
meroi,1830
sommeli,1831
mantarro,1832
furnish,1833
pata,1834
180°,1835
jewish-styl,1836
2010.,1837
trendier,1838
farm,1839
fit,1840
cannelloni,1841
farra,1842
fame,1843
2.0,1844
cling,1845
nowaday,1846
purest,1847
grotto,1848
vanilla,1849
scottish,1850
dice,1851
rehabilit,1852
augusto,1853
prosperi,1854
renzi,1855
hue,1856
panel,1857
daughter,1858
muddica,1859
weingut,1860
mussel,1861
meat-process,1862
valerio,1863
perciasacchi,1864
joyou,1865
tartar,1866
traffic,1867
rocket,1868
bore,1869
morra,1870
ring,1871
migrant,1872
josta,1873
stuff,1874
ma.ri.na,1875
pell,1876
moirago,1877
porchetta,1878
hamachi,1879
kevin,1880
goggi,1881
aviano,1882
sausag,1883
husband,1884
foothil,1885
crouton,1886
nobless,1887
apostolo,1888
transumanza,1889
tuttoilresto,1890
restor,1891
cosmopolitan,1892
januariu,1893
arva,1894
wineri,1895
visual,1896
preziosa,1897
matteo,1898
scottona,1899
peach,1900
campsit,1901
lead,1902
attanasio,1903
valàdess,1904
bacio,1905
couli,1906
scarpetta,1907
bike,1908
all-round,1909
dire,1910
friend,1911
sala,1912
televis,1913
tyrolean,1914
londr,1915
jasmine-cov,1916
crystal-clear,1917
slogan,1918
within,1919
race,1920
palamaro,1921
captiv,1922
appear,1923
pleas,1924
fondoval,1925
schneider,1926
nearli,1927
joyc,1928
breweri,1929
myrtleberri,1930
butter,1931
valva,1932
pierantonio,1933
pici,1934
exhaust,1935
sommelier/head,1936
joël,1937
artichok,1938
pamper,1939
friendli,1940
draw,1941
link,1942
town-centr,1943
mongiat,1944
babà,1945
arancino,1946
recreat,1947
tad,1948
reggiana,1949
9pm,1950
chat,1951
galtarossa,1952
bertelli,1953
half-french,1954
del,1955
medium-structur,1956
gurnard,1957
poetri,1958
rizzuto,1959
hydroelectr,1960
start,1961
memorabilia,1962
frico,1963
rose,1964
redefin,1965
asiago,1966
peasant,1967
artisan,1968
cross,1969
short,1970
flee,1971
girtler,1972
teraman,1973
gather,1974
loss,1975
southern,1976
fondaco,1977
friggitello,1978
designer-styl,1979
high,1980
scossoand,1981
momento,1982
time-honour,1983
valdarno,1984
back,1985
oldest,1986
peninsula,1987
crust,1988
similarli,1989
plane,1990
giudecca,1991
mattiacci,1992
appropri,1993
geometr,1994
seral,1995
matia,1996
pescatori,1997
elm,1998
quick,1999
angel-hair,2000
three,2001
certifi,2002
firstli,2003
leopardi,2004
ventimiglia,2005
omakas,2006
fewer,2007
advanc,2008
chairman,2009
renzo,2010
1880.,2011
amberjack,2012
skier,2013
owner-chef,2014
prino,2015
federico,2016
robustli,2017
anthoni,2018
giorgio,2019
therapi,2020
crema,2021
hectar,2022
raciti,2023
southernmost,2024
wherev,2025
consider,2026
defin,2027
argentario,2028
gae,2029
kombucha,2030
snail,2031
1930,2032
parmigiana,2033
site,2034
visibilio,2035
dell,2036
baccala,2037
chiavari,2038
dynam,2039
man-mad,2040
agerola,2041
thursday,2042
backlit,2043
crayfish,2044
blason,2045
irpinia,2046
umberto,2047
practic,2048
nora,2049
host,2050
spider,2051
introduc,2052
pinchiorri,2053
saturday,2054
network,2055
nowher,2056
cosi,2057
provenienti,2058
lace-lik,2059
spheric,2060
posto,2061
daniel,2062
movimento,2063
salad,2064
wine-produc,2065
cannoli,2066
1911,2067
straight,2068
museo,2069
choos,2070
mallow,2071
antoni,2072
montecuccoli,2073
gianfilippo,2074
prato,2075
seggiano,2076
acquapetra,2077
trail,2078
takahiko,2079
major,2080
puglian,2081
lagoon,2082
plain,2083
prosdocimi,2084
pea,2085
interior,2086
–,2087
doria,2088
cable-car,2089
riccardo,2090
forst,2091
remulass,2092
surround,2093
varignana,2094
cabinet,2095
eatali,2096
kalò,2097
skil,2098
relief,2099
obstacl,2100
heartili,2101
orob,2102
consorzio,2103
strongli,2104
indulg,2105
wisteria-shad,2106
metullio,2107
mantua,2108
samuel,2109
basic,2110
feo,2111
ciaffagnon,2112
question,2113
acaja,2114
papavero,2115
maritime-styl,2116
siena,2117
mascarpon,2118
master-chef,2119
poultri,2120
bigoli,2121
surviv,2122
hour,2123
certosa,2124
coccia,2125
although,2126
unconvent,2127
reinforc,2128
ceramist,2129
pagliazza,2130
appeal,2131
esperanto,2132
emot,2133
albaro,2134
hush,2135
motiv,2136
perez,2137
wood-,2138
oak,2139
roberta,2140
preciou,2141
constantli,2142
potent,2143
gluten,2144
recognis,2145
commerci,2146
cod,2147
talent,2148
formal,2149
mountain,2150
lussuoso,2151
length,2152
cracco,2153
nouveau-styl,2154
isabella,2155
behind,2156
burrata,2157
1370.,2158
summaris,2159
forest,2160
veal,2161
bislacco,2162
cerreto,2163
vari,2164
craft,2165
aloi,2166
tale,2167
upon,2168
provid,2169
bino,2170
versatil,2171
lawn,2172
brenta,2173
caramel,2174
carnian,2175
bolder,2176
ellipt,2177
tower,2178
nearest,2179
lakesid,2180
angelica,2181
7-,2182
formerli,2183
lace,2184
re-emerg,2185
cap,2186
piemont,2187
noto,2188
call,2189
cusago,2190
harmoni,2191
tavern,2192
follow,2193
infus,2194
best,2195
stube,2196
us,2197
1442,2198
magnini,2199
art-nouveau,2200
hashbe,2201
necropoli,2202
suggestions–includ,2203
could,2204
toward,2205
rospigliosi,2206
sauri,2207
ricomincio,2208
1912,2209
caribbean,2210
gipponi,2211
cagli,2212
fishbon,2213
scopiccio,2214
corridor,2215
brickwork,2216
hors,2217
pattern,2218
prawn,2219
sotto,2220
montoro,2221
lounge-styl,2222
cavallino,2223
locat,2224
orto,2225
pear,2226
relationship,2227
environment,2228
much,2229
langh,2230
gennaro,2231
eponym,2232
doubl,2233
half,2234
filosofi,2235
giacomello,2236
recur,2237
fregula,2238
excellent–mad,2239
protagonist,2240
guilio,2241
romanesco,2242
amus,2243
bruschetta,2244
pollenzo,2245
bar-cum-bistro,2246
nazioni,2247
qualiti,2248
foie,2249
realli,2250
nun,2251
describ,2252
tilia,2253
maître-sommeli,2254
entir,2255
cort,2256
sett,2257
convivi,2258
fill,2259
symbolis,2260
fish,2261
savoy,2262
women,2263
founder,2264
ferrari,2265
shank,2266
lucki,2267
panorama,2268
cheese-lov,2269
grappa,2270
benedetto,2271
wisteria,2272
piazzal,2273
toffe,2274
high-end,2275
bravaccini,2276
collio,2277
mirella,2278
mile,2279
colleoni,2280
baja,2281
piev,2282
cost,2283
step,2284
nogher,2285
broth,2286
tailor,2287
supper,2288
supervis,2289
tonnè,2290
novelti,2291
barbecu,2292
piedi,2293
factori,2294
sprout,2295
ribey,2296
advantag,2297
unspoilt,2298
vegetariano,2299
saltwat,2300
max,2301
ottagono,2302
forbu,2303
sassoferrato,2304
innov,2305
point,2306
st,2307
pleasingli,2308
fondant,2309
1960,2310
romeo,2311
respit,2312
r-otto,2313
tongu,2314
gulfi,2315
similar,2316
wheel,2317
greec,2318
falconier,2319
business-styl,2320
either,2321
1950-60,2322
ride,2323
deer,2324
fish-lov,2325
trend,2326
montepulciano,2327
mansion,2328
vicentina,2329
five,2330
dream-lik,2331
naturalment,2332
outlet,2333
trattoria-styl,2334
sky,2335
neapolitan,2336
chicco,2337
compet,2338
flute,2339
montani,2340
olive-oil,2341
fat,2342
highlight,2343
admiss,2344
emphasis,2345
wine-grow,2346
exquisit,2347
shrimp,2348
roof-garden,2349
castrozza,2350
undoubtedli,2351
cheer,2352
catia,2353
madama,2354
needl,2355
larch,2356
4.0,2357
maccaron,2358
septemb,2359
cover,2360
front-of-hous,2361
total,2362
mano,2363
trovato,2364
abli,2365
tiberini,2366
clusan,2367
exact,2368
margherita,2369
panzanella,2370
nautilu,2371
greet,2372
chimichurri,2373
plenti,2374
digestif,2375
morelli,2376
charcuteri,2377
curios,2378
lake-inspir,2379
naturalité,2380
corfu,2381
pinerolo,2382
cerea,2383
mandilli,2384
muse,2385
hamburg,2386
banner,2387
meantim,2388
ski,2389
close-knit,2390
ran,2391
sapio,2392
get,2393
sixti,2394
grandeur,2395
storehous,2396
fettuccin,2397
meticul,2398
afore-ment,2399
repubblica,2400
softer,2401
dome,2402
mantra,2403
extens,2404
nutriti,2405
disappoint,2406
inmat,2407
council,2408
classici,2409
groan,2410
ban,2411
cave,2412
enea,2413
riccio,2414
hero,2415
eleg,2416
nel,2417
gastronom,2418
cjarson,2419
desiderio,2420
tartare-styl,2421
fee,2422
mood,2423
guido,2424
petrosino,2425
bunet,2426
elich,2427
pedestrian,2428
schio,2429
savona,2430
fir,2431
aquarium,2432
common,2433
lili,2434
boutiqu,2435
chair,2436
fortana,2437
magro,2438
petit,2439
sereno,2440
woodruff,2441
torregrotta,2442
ladin-styl,2443
panna,2444
feminin,2445
hurri,2446
pappai,2447
cimbron,2448
experienc,2449
duck,2450
zero,2451
happili,2452
gilmozzi,2453
snugli,2454
erbazzon,2455
sarri,2456
societi,2457
traditionalist,2458
vodka,2459
breadstick,2460
pace,2461
colosseum,2462
outbuild,2463
marino,2464
fishermen,2465
case,2466
rossella,2467
shine,2468
explan,2469
meat-eat,2470
outset,2471
imaginari,2472
rich,2473
stretch,2474
chiefli,2475
piz,2476
intensifi,2477
slaughterhous,2478
forgiv,2479
tradit,2480
shift,2481
newer,2482
date,2483
sensibl,2484
belt,2485
15,2486
ordinari,2487
marconi,2488
page,2489
marrocco,2490
fuori,2491
iseo,2492
finocchiaro,2493
abil,2494
lazzarini,2495
inherit,2496
look,2497
dusti,2498
longer,2499
eighth,2500
purpl,2501
sign,2502
ox,2503
burano,2504
loro,2505
verpai,2506
fasan,2507
ingredients.for,2508
flavia,2509
cinema,2510
vinegar,2511
studi,2512
influenti,2513
completata,2514
well-establish,2515
classic,2516
worker,2517
scottadito,2518
russi,2519
180-hectar,2520
content,2521
gricia,2522
scapec,2523
squid,2524
rye,2525
teodoro,2526
dv,2527
compani,2528
tenderloin,2529
difficult,2530
damask,2531
trabetti,2532
file,2533
orient,2534
enoteca,2535
locomot,2536
mura,2537
bonus,2538
overview,2539
ecuador,2540
near,2541
stuf,2542
coconut,2543
kelina,2544
grual,2545
loprior,2546
esplanad,2547
dairi,2548
passag,2549
dsquared2,2550
run,2551
tubladel,2552
horsesho,2553
prime,2554
obviou,2555
umbria,2556
nine,2557
stresa,2558
cereal,2559
mount,2560
dio,2561
ichikawa,2562
goat,2563
pezzuto,2564
beck,2565
courmayeur,2566
drawer,2567
resin,2568
takeshi,2569
eight,2570
interest,2571
eclect,2572
breve,2573
marostica,2574
fazio,2575
simon,2576
manuelina,2577
brembo,2578
candlestick,2579
largest,2580
rustic,2581
agnelli,2582
zaki,2583
carracci,2584
tuscani,2585
belludia,2586
admit,2587
freeli,2588
will,2589
diffuso,2590
loggia,2591
biohotel,2592
chitarra,2593
except,2594
innikkei-styl,2595
holder,2596
corpo,2597
suriano,2598
includ,2599
ingiulla,2600
head,2601
2022-23,2602
rosa,2603
torri,2604
enzo,2605
white,2606
zabaglion,2607
acqua,2608
casertona,2609
matera,2610
lakefront,2611
ercol,2612
magnolia,2613
dresser,2614
1980,2615
cippi,2616
hay,2617
manag,2618
applaud,2619
gorgnalini,2620
line,2621
instinct,2622
scardina,2623
serva,2624
benso,2625
terra,2626
valu,2627
compris,2628
chapel,2629
see,2630
prettiest,2631
revisit,2632
menu,2633
wood-fir,2634
luca,2635
accent,2636
vagu,2637
mathia,2638
contrada,2639
distanc,2640
dug,2641
tray,2642
mel,2643
six-,2644
nuova,2645
così,2646
snapper,2647
vulcano,2648
ravarotto,2649
fragrant,2650
produc,2651
della,2652
crystal,2653
vitel,2654
fire,2655
luchino,2656
reassur,2657
savour,2658
molo,2659
fairytal,2660
district,2661
rivarola,2662
valsugana,2663
shortli,2664
welfar,2665
alley,2666
unit,2667
utini,2668
ornat,2669
patio,2670
canella,2671
gyoza,2672
grain,2673
susanna,2674
chessboard,2675
mirto,2676
archaeolog,2677
underpin,2678
prestigi,2679
cremona,2680
alga,2681
1880,2682
late-19c,2683
villanova,2684
tuff,2685
moessmer,2686
contact,2687
colleagu,2688
bottagisio,2689
hen,2690
well-stock,2691
positano,2692
proietti,2693
movement,2694
ragù,2695
augurio,2696
stone-built,2697
capres,2698
1602.,2699
laboratori,2700
evoc,2701
santo,2702
fassa,2703
nicola,2704
robiola,2705
falter,2706
life,2707
apostelstub,2708
sho,2709
sirenus,2710
sla,2711
suspend,2712
uffizi,2713
guest,2714
cherasco,2715
le,2716
locatello,2717
firma,2718
hail,2719
aesthet,2720
piano–ther,2721
malp,2722
in-hous,2723
drawn,2724
kid,2725
homag,2726
tart,2727
chi,2728
grape,2729
scalo,2730
osashimi,2731
brindo,2732
panfilio,2733
garag,2734
baldassar,2735
onion,2736
saffron,2737
pandolfo,2738
lugano,2739
catfish,2740
santino,2741
speak,2742
soon,2743
milon,2744
procida,2745
bro,2746
scicli,2747
gentian,2748
pinch,2749
murges,2750
strong,2751
corso,2752
d'italia,2753
chip,2754
vanacor,2755
tofana,2756
pacchero,2757
pomegran,2758
canapino,2759
maiellabi,2760
antonello,2761
classic-styl,2762
brasseri,2763
cappon,2764
cantù,2765
immedi,2766
maiella,2767
rovetta,2768
seta,2769
renownedarrosticini–,2770
ilario,2771
faveri,2772
50m,2773
naiv,2774
two-michelin,2775
bustl,2776
campania-focus,2777
captur,2778
abbazia,2779
champagneria,2780
cathedr,2781
spaghetti,2782
ega,2783
maremma,2784
granaio,2785
word,2786
play,2787
marcelli,2788
justic,2789
cutleri,2790
sage,2791
lit,2792
youth,2793
whet,2794
golden,2795
barral,2796
allevato,2797
plan,2798
sibilla,2799
bid,2800
consid,2801
skirt,2802
boil,2803
cavour,2804
excel,2805
orlando,2806
claroni,2807
amerigo,2808
louis,2809
assisi,2810
multifunct,2811
novara,2812
1987.,2813
ragout,2814
pizza,2815
dusk,2816
reappear,2817
find,2818
monastero,2819
pavilion,2820
succul,2821
theenotecaon,2822
adrià,2823
capannori,2824
stunningli,2825
nigiri,2826
parco,2827
tasting-styl,2828
gaudenzio,2829
piacentin,2830
intriguingvieni,2831
foundat,2832
lorenzo,2833
loop,2834
modern,2835
ost,2836
complex,2837
simonato,2838
monachil,2839
brightli,2840
bacher,2841
gemma,2842
bare,2843
reloc,2844
twentieth,2845
trento,2846
heart,2847
mark,2848
belltow,2849
unexpectedli,2850
posit,2851
spent,2852
stroll,2853
feltrin,2854
reggia,2855
nascosto,2856
lose,2857
royalhotel,2858
group,2859
input,2860
cicognolo,2861
mazzorbo,2862
onlin,2863
biennal,2864
certainli,2865
lanka,2866
hoteli,2867
venosa,2868
chequer,2869
monach,2870
53,2871
cannonau,2872
copper,2873
verdi,2874
withpiadineflatbread,2875
out-of-this-world,2876
authorit,2877
post-modern,2878
alba,2879
ham,2880
soundtrack,2881
carnaghi,2882
regular,2883
cannolo,2884
tunnel,2885
lapland,2886
rome,2887
fool,2888
loyal,2889
riso,2890
pizzi,2891
frame,2892
plateau,2893
parmens,2894
fisheri,2895
rampant,2896
atmosphere–on,2897
precis,2898
zippl,2899
cannavacciuolo,2900
zazzeri,2901
gerli,2902
oh,2903
chignola,2904
piedmontese-influenc,2905
trabalzini,2906
dipino,2907
also,2908
gourmet,2909
oblig,2910
senator,2911
intrusi,2912
might,2913
tranquil,2914
mandarin,2915
constant,2916
acreid,2917
vitantonio,2918
post-industri,2919
lagrein,2920
candi,2921
anna,2922
meucci,2923
cater,2924
equens,2925
ero,2926
wider,2927
sport,2928
second,2929
toritto,2930
romanesqu,2931
neighbour,2932
bakeri,2933
francescana,2934
literatur,2935
crow,2936
award-win,2937
pharmaci,2938
shave,2939
tomato,2940
chilli,2941
extra,2942
tree,2943
tedeschi,2944
venetianbàcaro,2945
roughli,2946
fulli,2947
nass,2948
sommità,2949
thebaccalà,2950
philosophi,2951
frantoio,2952
pillow,2953
leandro,2954
event,2955
porcelain,2956
rovereto,2957
beach,2958
tomei,2959
landmark,2960
tuorlo,2961
laura,2962
permeat,2963
bean,2964
tafuri,2965
bellagio,2966
savarin,2967
tourist-frequ,2968
baita,2969
pappardel,2970
inject,2971
brick-vault,2972
top-qual,2973
footbal,2974
aurina,2975
berton,2976
artisti,2977
adènzia,2978
border,2979
cold,2980
april,2981
cognac,2982
observ,2983
bottom,2984
northern,2985
geniu,2986
bolognes,2987
french-italian,2988
distil,2989
synagogu,2990
terri,2991
aubergin,2992
english,2993
cartellata,2994
perhap,2995
banfi,2996
grandfath,2997
discipl,2998
perbellini,2999
d'oro,3000
costantino,3001
huber,3002
alessio,3003
span,3004
pavan,3005
biafora,3006
maze,3007
zhou,3008
reduc,3009
creeper,3010
ai,3011
wood-burn,3012
tonino,3013
swap,3014
dissect,3015
italian-brazilian,3016
vegan,3017
satisfact,3018
usai,3019
orchestra,3020
stüa,3021
standard-bear,3022
top-level,3023
manicon,3024
marianna,3025
instead,3026
alciati,3027
book,3028
mao,3029
toceno,3030
ulmo,3031
salar,3032
phrase,3033
inde,3034
gondola,3035
ever-expand,3036
antipasti,3037
sacco,3038
antonia,3039
nois,3040
consortium,3041
yellow,3042
glass-enclos,3043
organ,3044
santamonica,3045
well-practis,3046
brodetto,3047
nerina,3048
800m,3049
assunta,3050
brick,3051
childhood,3052
klugmann,3053
substanti,3054
bufi,3055
paradigma,3056
doorway,3057
dining-room,3058
relai,3059
hilli,3060
uncompl,3061
michel,3062
trent,3063
logo,3064
villani,3065
georg,3066
acereta,3067
skate,3068
lap,3069
po,3070
taormina,3071
penultim,3072
pazientina,3073
zero-km,3074
industrial-new,3075
annarita,3076
fusion,3077
complet,3078
pellegrino,3079
peopl,3080
paolo,3081
academyaim,3082
alcov,3083
backdrop,3084
assur,3085
wit,3086
freshest,3087
express,3088
gala,3089
thegreentast,3090
method,3091
shiso,3092
nduja,3093
championship,3094
foam,3095
gerani,3096
ferran,3097
wife,3098
birthplac,3099
smart,3100
dioces,3101
tinari,3102
basement,3103
futura,3104
pomposa,3105
quintessenti,3106
cantones,3107
campanian,3108
guard,3109
keen,3110
even,3111
murat,3112
bolzano,3113
painter,3114
bomba,3115
recommend,3116
brodo,3117
stylishli,3118
l,3119
fresh,3120
underlin,3121
prosciutto,3122
abocar,3123
anchovi,3124
today,3125
elabor,3126
beam,3127
hand-mad,3128
benjamin,3129
maglio,3130
monkfish,3131
streamlin,3132
guida,3133
alon,3134
learn,3135
vogu,3136
upper,3137
eventu,3138
omelett,3139
valzelli,3140
lazio,3141
contemporary-alpin,3142
public,3143
neutral,3144
lattuga,3145
1900,3146
decad,3147
reggio,3148
meat,3149
canapé,3150
trip,3151
nobiltà,3152
monica,3153
sibl,3154
principl,3155
month,3156
realiti,3157
undoubt,3158
rein,3159
sorrento,3160
martin,3161
larossa,3162
close,3163
wonder,3164
midday,3165
kaluga-amur,3166
vegetable-,3167
palm,3168
clientel,3169
fontanina,3170
monterozzi,3171
ca,3172
ever,3173
opt,3174
flake,3175
nostr,3176
adept,3177
radetzki,3178
occasion,3179
garbanzo,3180
sottovoc,3181
fort,3182
1997.,3183
plung,3184
terrace.th,3185
enthusiasm,3186
expans,3187
ramo,3188
como,3189
regard,3190
market-fresh,3191
nù,3192
solociccia,3193
cilenti,3194
true,3195
deservedli,3196
mottaron,3197
delici,3198
bastion,3199
andreina,3200
mariella,3201
ferrara,3202
spelt,3203
quieter,3204
countri,3205
cetona,3206
accolla,3207
bygon,3208
grower,3209
ii,3210
offshoot,3211
voce,3212
st.,3213
name,3214
stuffi,3215
alfio,3216
whenev,3217
spread,3218
tonic,3219
build,3220
much-visit,3221
taken,3222
palladiana,3223
levanto,3224
bowerman,3225
splash,3226
understand,3227
redcurr,3228
hill-top,3229
coastal,3230
réva,3231
venart,3232
santa,3233
sight,3234
enjoy,3235
calledexperi,3236
perpendicular,3237
bark,3238
centuri,3239
exist,3240
bit,3241
cascinalenuovo,3242
man,3243
stilla,3244
bonfadini,3245
handwritten,3246
capitano,3247
carpigiani,3248
posillipo,3249
fino,3250
morer,3251
avail,3252
solopiemont,3253
canino,3254
ostuni,3255
da,3256
virgin,3257
colomb,3258
versilian,3259
diminut,3260
vigevano,3261
guà,3262
liveli,3263
gondolieri,3264
museum,3265
modena,3266
ambienc,3267
grappoli,3268
vicenza-styl,3269
equal,3270
sailboat,3271
flair,3272
prepar,3273
baron,3274
cuor,3275
sapidità,3276
turmer,3277
donkey,3278
guancial,3279
bath,3280
nostra,3281
puff,3282
conclus,3283
auster,3284
sondrio,3285
skylin,3286
negra,3287
aisl,3288
overseen,3289
cookeri,3290
slovenian,3291
evan,3292
charm,3293
ritorno,3294
monti,3295
crème,3296
cast,3297
refug,3298
elena,3299
textil,3300
rotat,3301
enterpris,3302
marta,3303
berico,3304
noteworthi,3305
etruscan,3306
instruct,3307
pont,3308
borag,3309
urbino,3310
essenziali,3311
mantecati,3312
basin,3313
taurasi,3314
trentini,3315
movi,3316
chocol,3317
giasàra,3318
inter,3319
1870,3320
bar,3321
downhil,3322
sogno,3323
park,3324
one-third,3325
chandeli,3326
fabrizio,3327
bistecca,3328
tiberio,3329
austrian,3330
bagna,3331
silhouett,3332
sienes,3333
gobbi,3334
marmalad,3335
nuovo,3336
marcello,3337
e,3338
40-year,3339
angioino,3340
costarella,3341
karim,3342
easter,3343
lookout,3344
emozioni,3345
rialto,3346
contigliano,3347
neighborhood,3348
favour,3349
roia,3350
pillar,3351
crackl,3352
szechuan,3353
research,3354
anyon,3355
sake,3356
rimini,3357
reduct,3358
premis,3359
cardelli,3360
silenc,3361
leoni,3362
soav,3363
arabo,3364
terzavia,3365
caruso,3366
taste–rossini,3367
frediano,3368
madr,3369
small,3370
bassi,3371
improvis,3372
china,3373
live,3374
bread,3375
un,3376
perspect,3377
strudel,3378
lorelei,3379
down-to-earth,3380
monument,3381
naviglio,3382
minimalist-styl,3383
steak,3384
miranes,3385
jewel,3386
substanc,3387
cavolo,3388
morel,3389
dot,3390
devoto,3391
80,3392
cliff,3393
influenc,3394
liberti,3395
advic,3396
gianfranco,3397
bench,3398
mia,3399
mouss,3400
map,3401
campanella,3402
mancini,3403
shrub,3404
bagni,3405
attilio,3406
lighter,3407
trattoria,3408
sfoglia,3409
loos,3410
sorbir,3411
montefusco,3412
bazzano,3413
airaudo,3414
massimo,3415
costantini,3416
brunner,3417
stand-out,3418
trota,3419
esordi,3420
plankton,3421
evok,3422
antonella,3423
resort,3424
silvia,3425
activ,3426
unchang,3427
musciora,3428
schlutzkrapfen,3429
home-grown,3430
giorgia,3431
home-cook,3432
piedmontese-styl,3433
dough,3434
emilia,3435
melting-pot,3436
eleph,3437
visibl,3438
acquerello,3439
2km,3440
finish,3441
liquida,3442
avenu,3443
gnudi,3444
pachino,3445
colour,3446
1985,3447
john,3448
beef,3449
meter,3450
liter,3451
muro,3452
nunzio,3453
slice,3454
murg,3455
garattoni,3456
parkhotel,3457
highest,3458
enel,3459
paves,3460
rack,3461
superbl,3462
vanlangenaek,3463
serv,3464
affogato,3465
side,3466
portico,3467
meanwhil,3468
scala,3469
minimalist,3470
shortag,3471
col,3472
40,3473
rubiera,3474
fish-bas,3475
egg,3476
bohemian,3477
brigida,3478
superior,3479
d'errico,3480
lane,3481
glam,3482
000m,3483
frequent,3484
heat,3485
probiz,3486
...,3487
beig,3488
masanti,3489
lighten,3490
amuses-bouch,3491
rariti,3492
cavales,3493
version,3494
gragnono,3495
transport,3496
cossio,3497
36-month,3498
cinta,3499
polish,3500
n,3501
2007,3502
robuchon,3503
capodifium,3504
morn,3505
eleonora,3506
discoveri,3507
wrong,3508
profici,3509
mazzarel,3510
construct,3511
ever-pres,3512
burkhard,3513
part,3514
classicpigeon,3515
sumptuou,3516
35min,3517
luigia,3518
bouillabaisse-styl,3519
appar,3520
palmento,3521
vino,3522
pot,3523
paragon,3524
dorona,3525
's,3526
mallard,3527
well-manag,3528
turbot,3529
narrow,3530
sensazioni,3531
church,3532
1947,3533
jamantè,3534
avocado,3535
laghetto,3536
p'orto,3537
claudia,3538
pina,3539
ugo,3540
salviati,3541
cicada,3542
spaciou,3543
brogna,3544
globe,3545
picture-postcard,3546
next,3547
contribut,3548
penthouse-styl,3549
il,3550
bottura,3551
unnecessari,3552
moorish-styl,3553
lard,3554
cefalù,3555
restuar,3556
torsiello,3557
bay,3558
code,3559
crescendo,3560
sauerkraut,3561
ciambella,3562
soufflé,3563
coton,3564
adriat,3565
adject,3566
gualtiero,3567
murrua,3568
elvira,3569
silhavì,3570
radicchio,3571
lychee-shap,3572
afford,3573
born,3574
press,3575
camomil,3576
pesticid,3577
nativ,3578
account,3579
asian-influenc,3580
matter,3581
use,3582
angiolucci,3583
cool,3584
celeri,3585
valley,3586
grenier,3587
presidiana,3588
eruzion,3589
handmad,3590
burgundy-styl,3591
golfo,3592
sat-nav,3593
quintessenza,3594
provocazioni,3595
ivan,3596
promis,3597
furlo,3598
vedel,3599
thought,3600
consumpt,3601
7-cours,3602
riva,3603
particip,3604
garden-cum-ol,3605
less,3606
carrega,3607
extrem,3608
martini,3609
roma,3610
scabin,3611
genoes,3612
occas,3613
d'amalfi,3614
servic,3615
puré,3616
passiria,3617
far,3618
idea,3619
smile,3620
36,3621
marko,3622
spirit,3623
distinctli,3624
afraid,3625
deliber,3626
duti,3627
sustain,3628
mame,3629
cerver,3630
cimini,3631
written,3632
elid,3633
wherea,3634
fillet,3635
fiorentina,3636
sardinia,3637
crêuza,3638
redevelop,3639
eastern,3640
pïacenza,3641
grandson,3642
well-construct,3643
town,3644
sfincion,3645
timber,3646
umbertid,3647
rivoluzion,3648
divers,3649
sixth,3650
motto,3651
1895,3652
extern,3653
promontori,3654
card,3655
hermitag,3656
pastiera,3657
evening–a,3658
wall,3659
horse-drawn,3660
cashew,3661
nutmeg,3662
d'alba,3663
identifi,3664
consolata,3665
trulli,3666
ravinetto,3667
import,3668
firm,3669
minimi,3670
zuppa,3671
fashion,3672
pascal,3673
chemistri,3674
stanzion,3675
nervi,3676
l'angolo,3677
4.5km,3678
chardonnay,3679
tapa,3680
creativefuori,3681
success,3682
1970,3683
carp,3684
aquila,3685
popolo,3686
wave,3687
verona,3688
spend,3689
lobster,3690
space,3691
flourish,3692
plate,3693
treasur,3694
ciuffetelli,3695
stube-styl,3696
porchetta-styl,3697
ugolotti,3698
finess,3699
reggiano,3700
wide,3701
mean,3702
unmiss,3703
loft,3704
stafler,3705
form,3706
front,3707
4km,3708
help,3709
seregno,3710
expos,3711
gerhard,3712
vescovado,3713
anchor,3714
newli,3715
tola,3716
11pm,3717
partnership,3718
ealai,3719
lifestyl,3720
roll,3721
peter,3722
proven,3723
calett,3724
bagno,3725
laigueglia,3726
cauda,3727
toblino,3728
bounti,3729
strength,3730
ricotta,3731
franc,3732
accursio,3733
nebrodi,3734
tufa-rock,3735
marzipan,3736
calm,3737
brescia-styl,3738
ascent,3739
francesco,3740
pleasantli,3741
betancourt,3742
deep-gold,3743
endiv,3744
lombardo,3745
meal,3746
arbour,3747
holidaymak,3748
role,3749
360°,3750
dell'ovo,3751
hibiscu,3752
degre,3753
underground,3754
sicilian-styl,3755
beer-lov,3756
fresco,3757
mescafrancesca,3758
viviana,3759
pinzolo,3760
count,3761
lecc,3762
struck,3763
classi,3764
appl,3765
associ,3766
credit,3767
mart,3768
edoardo,3769
gualtieri,3770
techniqu,3771
sigilinium,3772
motta,3773
entrust,3774
6-cours,3775
castel,3776
laera,3777
full-tim,3778
pay,3779
xx,3780
broad,3781
region,3782
pastri,3783
capricciosa,3784
shadi,3785
adjoin,3786
degli,3787
maniago,3788
maritim,3789
università,3790
expertis,3791
tagliolini,3792
perla,3793
pappa,3794
giovanna,3795
bernardo,3796
bramea,3797
destin,3798
arlecchino,3799
chutney,3800
vermentino,3801
ring-road,3802
ambassador,3803
capestrano,3804
furor,3805
niederkofl,3806
luciano,3807
willing,3808
thecarbonara,3809
deeper,3810
giardiniera,3811
hotel,3812
cappelli,3813
pra,3814
mysteri,3815
parma,3816
regularli,3817
sanbrit,3818
capitaneo,3819
tâche,3820
commit,3821
scotti,3822
tozuppa,3823
60,3824
wrap,3825
grassland,3826
gambero,3827
roof,3828
faenza,3829
caluso,3830
memor,3831
tenuta,3832
arnolfo,3833
nouveau,3834
lagunamar,3835
menù,3836
relev,3837
old-fashion,3838
maiz,3839
champagn,3840
iyo,3841
cumin,3842
offanengo,3843
viareggio,3844
agli,3845
geröstl,3846
gimignano,3847
broccoli,3848
catinaccio,3849
work,3850
wine-pair,3851
nori,3852
senes,3853
station,3854
saporium,3855
angler,3856
gravit,3857
opul,3858
gard,3859
fifth,3860
africa,3861
pergola-shad,3862
rump,3863
specialis,3864
stair,3865
hummu,3866
fowl,3867
due,3868
11am-10pm,3869
boar,3870
pow,3871
chianti,3872
arrosticini,3873
shaken,3874
quickli,3875
tortino,3876
lightli,3877
scomponibili,3878
biagiola,3879
exagger,3880
gli,3881
memoria,3882
tenet,3883
roe,3884
goos,3885
1991,3886
pie,3887
portion,3888
erasmo,3889
soften,3890
couscou,3891
bollat,3892
though,3893
attempt,3894
milanesi,3895
comput,3896
bendato,3897
cut,3898
spoleto,3899
rend,3900
subject,3901
prior,3902
dose,3903
michelangelo,3904
dip,3905
slop,3906
mandura,3907
rear,3908
dobbiaco,3909
mainli,3910
cash,3911
lucca,3912
elisabeth,3913
rossi,3914
dinato,3915
fairytale-lik,3916
sensori,3917
non-italian,3918
juri,3919
torchiettibistro,3920
haut,3921
aretusi,3922
quirinal,3923
clime,3924
brasato,3925
frammenti,3926
parallelsmenu,3927
arca,3928
acquapartita,3929
compens,3930
level,3931
salinari,3932
tree-shad,3933
novemb,3934
aid,3935
tino,3936
ancestr,3937
candl,3938
contemporaneo,3939
chiesa,3940
natural-wood,3941
bartolini,3942
tortellant,3943
greco,3944
scelta,3945
luisa,3946
interact,3947
viewpoint,3948
studio,3949
giannuzzi,3950
nestl,3951
cheaper,3952
demonstr,3953
planet,3954
red,3955
formichella,3956
1985.,3957
feel,3958
griffa,3959
juliet,3960
parasol,3961
earthi,3962
clad,3963
aplomb,3964
10-cours,3965
room,3966
dei,3967
viu,3968
gorini,3969
franca,3970
hunt,3971
hallmark,3972
paradis,3973
ivrea,3974
cuttaia,3975
vegetable-bas,3976
galileo,3977
romana,3978
circular,3979
stack,3980
unannounc,3981
framework,3982
mention,3983
sultano,3984
adjac,3985
gianicolo,3986
char,3987
henc,3988
salomon,3989
bocca,3990
sculli,3991
autist,3992
pellicano,3993
vine-shad,3994
waiter,3995
cutlet,3996
contemporan,3997
found,3998
mogano,3999
tavolara,4000
2003,4001
origini,4002
exclud,4003
imperatori,4004
prototyp,4005
renownedsbrisolonacak,4006
gracious,4007
canzian,4008
stop,4009
crop,4010
round,4011
air,4012
zhejiang,4013
belé,4014
mario,4015
apprenticeship,4016
email,4017
layer,4018
sweden,4019
ellipsoid,4020
elli,4021
warehous,4022
2021.,4023
ionio,4024
grown,4025
casserol,4026
arrang,4027
glorenza,4028
cahssai,4029
fed,4030
bonito,4031
vicina,4032
discreetli,4033
10th,4034
vintag,4035
payabl,4036
baronal,4037
leocorno,4038
infal,4039
padana,4040
padoan,4041
plissn,4042
frutti,4043
adèl,4044
rosewood,4045
infin,4046
cosylittl,4047
volcano,4048
dallamano,4049
decid,4050
coniglio,4051
emigr,4052
lumpfish,4053
want,4054
arnaldo,4055
leaf,4056
oleand,4057
brought,4058
camiano,4059
moriggi,4060
staff,4061
famou,4062
merli,4063
greener,4064
supplier,4065
trentino,4066
nonna,4067
search,4068
moor,4069
great-grandfath,4070
rather,4071
catherin,4072
alserio,4073
amuse-bouch,4074
territorio,4075
broaden,4076
postman,4077
radish,4078
low,4079
platform,4080
nive,4081
cicchetti,4082
triest,4083
guid,4084
livia,4085
widespread,4086
petal,4087
bell,4088
sonya,4089
museum-lik,4090
ricci,4091
grana,4092
compatriot,4093
safari,4094
d'elsa,4095
café,4096
succumb,4097
valsassina,4098
stigghiola,4099
glaze,4100
scarallo,4101
price,4102
barley,4103
therasia,4104
ficotto,4105
maioni,4106
cannaregio,4107
birramisù,4108
minori,4109
thank,4110
remot,4111
sassongh,4112
maîtr,4113
vaiani,4114
giancarlo,4115
provola,4116
label,4117
particular,4118
tyrrhenian,4119
unexpect,4120
25th,4121
cavi,4122
predomin,4123
care,4124
boschi,4125
traffic-limit,4126
spit-roast,4127
kelp,4128
florentin,4129
19c,4130
pumpkin,4131
asian,4132
thecasolètchees,4133
first-floor,4134
brunello,4135
loin,4136
attract,4137
entitl,4138
overse,4139
breast,4140
room-cum-veranda,4141
silkworm,4142
plastic,4143
merit,4144
1961,4145
cipolla,4146
glass-front,4147
tailor-mad,4148
tramontano,4149
mazzaroni,4150
beccafico,4151
herbal,4152
justifi,4153
finanzierastew,4154
vast,4155
modifi,4156
etna,4157
breath,4158
stravecchio,4159
peppermint,4160
revolutionis,4161
raia,4162
zeno,4163
elderberri,4164
print,4165
mango,4166
establish,4167
cacciator,4168
belli,4169
sila,4170
marinad,4171
window,4172
crown,4173
inn,4174
civitella,4175
well-tend,4176
boffa,4177
bolliti,4178
aglianico,4179
columbu,4180
hospit,4181
maturato,4182
scratch,4183
guidara,4184
squar,4185
deserv,4186
enabl,4187
grate,4188
exterior,4189
lounge-bar,4190
rizz,4191
luisl,4192
fair,4193
testa,4194
rooftop,4195
1971,4196
lucera,4197
castraur,4198
40-year-old,4199
oberhamm,4200
still,4201
salt,4202
omit,4203
butterfli,4204
everyth,4205
corvara,4206
14.5°,4207
late,4208
alessandra,4209
end,4210
tire,4211
purist,4212
maria,4213
at-tabl,4214
rock,4215
differ,4216
outstand,4217
tour,4218
stilt,4219
world-fam,4220
mould,4221
jetti,4222
palazzolo,4223
inclement,4224
abbrevi,4225
cornaredo,4226
bellini,4227
trucco,4228
sapori,4229
mezz,4230
relic,4231
sunday,4232
bonet,4233
1977,4234
stun,4235
dash,4236
affreschi,4237
clearli,4238
fatjon,4239
decorazioni,4240
marsh,4241
recco,4242
capabl,4243
shoot,4244
author,4245
seneca,4246
rocchetti,4247
escabeche-styl,4248
cappelletti,4249
trophi,4250
promot,4251
maqui,4252
mayonnais,4253
net,4254
perfectli,4255
uninterest,4256
bass,4257
troop,4258
padano,4259
option,4260
trofi,4261
ten,4262
liquoric,4263
visit,4264
evid,4265
mamma,4266
creativo,4267
crafun,4268
other,4269
fast-pac,4270
spellbound,4271
ball,4272
know,4273
characteris,4274
late-15c,4275
italian-them,4276
mixtur,4277
object,4278
januari,4279
mirror,4280
eleven,4281
earth,4282
piacenza,4283
varella,4284
arezzo,4285
biscuit,4286
guesthous,4287
pick,4288
forget,4289
campagna,4290
prosecco,4291
nadia,4292
2021,4293
no-fril,4294
statu,4295
favourit,4296
candel,4297
disguis,4298
hélène,4299
popular,4300
cacciani,4301
toni,4302
marco,4303
opitergium,4304
navona,4305
freshwat,4306
tooth,4307
philip,4308
oliv,4309
genoveffa,4310
bachelor,4311
h,4312
moi,4313
salti,4314
stelio,4315
aya,4316
bento,4317
gelliu,4318
mulberri,4319
alp,4320
neapolitan-influenc,4321
mirko,4322
filia,4323
superl,4324
11,4325
morsetti,4326
sceneri,4327
maggior,4328
sapid,4329
laden,4330
school,4331
soldier,4332
moder,4333
chargril,4334
display,4335
multi-task,4336
siviero,4337
bourbon,4338
carrozza,4339
teverini,4340
stefania,4341
palazzo,4342
daylight,4343
chines,4344
krapf,4345
owner-architect,4346
scorpion,4347
boer,4348
cotta,4349
fishhead,4350
yuyo,4351
genuin,4352
vinaigrett,4353
inedita,4354
signum,4355
veneto,4356
oglio,4357
bistrò,4358
berri,4359
colucci,4360
maison,4361
mundo,4362
fausto,4363
enviabl,4364
cream,4365
ravioli,4366
light,4367
brera,4368
orchestr,4369
cestello,4370
wood-inspir,4371
cellar,4372
petriolo,4373
chosen,4374
attach,4375
filippino,4376
writer,4377
24hr,4378
verbano,4379
geiser,4380
apreda,4381
extraordinarili,4382
littl,4383
extravag,4384
mayo,4385
tombola,4386
flower-deck,4387
concattedral,4388
daili,4389
d'agostino,4390
waltz,4391
pete,4392
sea-urchin,4393
quantiti,4394
vall,4395
em,4396
fratelli,4397
commend,4398
toledo,4399
floor-to-ceil,4400
brown,4401
ventricina,4402
1966,4403
heavi,4404
without,4405
michelino,4406
botan,4407
ironi,4408
agricultur,4409
organis,4410
grödnerhof,4411
relazioni,4412
sauc,4413
pietropaoli,4414
cistern,4415
limeston,4416
vinei,4417
favignana,4418
vill,4419
jovial,4420
rightli,4421
arancini,4422
una,4423
rizzo,4424
technic,4425
plant-them,4426
mazzoleni,4427
chef-cum-entrepreneur,4428
slowli,4429
ortisei,4430
world,4431
luigi,4432
determinedli,4433
1965,4434
marelli,4435
oscar,4436
curri,4437
rug,4438
mausoleum,4439
thoma,4440
nonno,4441
among,4442
fail,4443
bentivoglio,4444
replac,4445
abbruzzino,4446
dell'anfiteatro,4447
mid-1960,4448
rest,4449
gusto,4450
monzaluganegasausag,4451
passion,4452
beata,4453
courtyard,4454
wast,4455
reinterpret,4456
gra,4457
convers,4458
paestum,4459
mauro,4460
off-the-menu,4461
transpar,4462
cornerston,4463
castelvecchio,4464
pimpernel,4465
sarzana,4466
suggestioni,4467
tackl,4468
requir,4469
patron,4470
resembl,4471
zero-kilometr,4472
taught,4473
bernardi,4474
1981.,4475
resolut,4476
vivalda,4477
lunch,4478
cleverli,4479
avino,4480
alpin,4481
bono,4482
nin,4483
punta,4484
key,4485
flurin,4486
blackboard,4487
bold,4488
terlano,4489
power,4490
brusson,4491
heinz,4492
theatric,4493
french,4494
alcherm,4495
koji,4496
50th,4497
family-styl,4498
cordevigo,4499
informal,4500
tokuyoshi,4501
marzano,4502
albenga,4503
abbadia,4504
amount,4505
pintadera,4506
osteria,4507
palermino,4508
adami,4509
four,4510
mariapaola,4511
amid,4512
urchin,4513
bonu,4514
sacchi,4515
educ,4516
palamita,4517
italia,4518
mid-18c,4519
improv,4520
diner,4521
jame,4522
mini,4523
camp,4524
hostelri,4525
ground-floor,4526
gran,4527
yoghurt,4528
rolli,4529
involv,4530
street-food,4531
tireless,4532
pagnotto,4533
dove-colour,4534
2020,4535
perfect,4536
strachitunt,4537
pink,4538
pickl,4539
vet,4540
dongiò,4541
stage,4542
fefa,4543
locali,4544
gabriel,4545
bachmann,4546
acclaim,4547
rick,4548
pizzeria,4549
doubt,4550
filò,4551
l'altrettanto,4552
snow,4553
seawe,4554
vegetarian,4555
giustino,4556
maltagliati,4557
weav,4558
tang,4559
like,4560
fiordilatt,4561
terracotta,4562
breadcrumb,4563
bougainvillea,4564
post-dinn,4565
marmo,4566
sbrisolona-cak,4567
sassi,4568
farmhous,4569
lesser-known,4570
1km,4571
snowcat,4572
porter,4573
enbogonè,4574
era,4575
spice,4576
"7,000",4577
share,4578
fracassi,4579
leaven,4580
parretti,4581
exposed-ston,4582
menton,4583
barrel,4584
lord,4585
schingaro,4586
system,4587
meschio,4588
24-month-old,4589
panissa,4590
fine,4591
annex,4592
bistro-lik,4593
sliver,4594
maicol,4595
plant,4596
savô,4597
cinti,4598
jackson,4599
impero,4600
mazzini,4601
thinnest,4602
oven,4603
royal,4604
imprezios,4605
ingalera,4606
ligurian,4607
somma,4608
nurtur,4609
hintner,4610
block,4611
plu,4612
guarante,4613
horizon,4614
tiramisù,4615
capon,4616
oldani,4617
bassa,4618
pale,4619
oven-bak,4620
worri,4621
feuerstein,4622
intorcia,4623
beverag,4624
milan,4625
brugiano,4626
navelli,4627
anch,4628
crew,4629
spumon,4630
fassona,4631
heard,4632
prezioso,4633
seminario,4634
well-kept,4635
impos,4636
fre,4637
thousand-year-old,4638
charact,4639
zecchin,4640
beat,4641
folli,4642
bergamo-styl,4643
abroad,4644
focaccia,4645
sandwich,4646
leopard,4647
apennin,4648
rosita,4649
impronta,4650
nero,4651
turnip,4652
great,4653
unforgett,4654
convert,4655
kosovo,4656
kitchen,4657
deal,4658
bone,4659
evolv,4660
bound,4661
flavor,4662
trout,4663
masala,4664
faith,4665
farmstead,4666
song,4667
limonaia,4668
dogfish,4669
miori,4670
aptli,4671
vais,4672
essenc,4673
montal,4674
beurr,4675
suit,4676
kerkira,4677
santi,4678
dry-ston,4679
expert,4680
coriand,4681
interestingli,4682
saltwort,4683
lungarno,4684
encyclopaed,4685
market,4686
laid,4687
project,4688
gioia,4689
giardinetto,4690
sum,4691
90€,4692
pass,4693
cri,4694
depot,4695
shade,4696
stalk,4697
1865.,4698
treat,4699
salina,4700
2024.,4701
unesco,4702
177,4703
accomplish,4704
mid-20c,4705
tastebud,4706
sitea,4707
vastes,4708
rank,4709
semi-hidden,4710
macerata,4711
lovag,4712
'',4713
fenicottero,4714
warrior,4715
indiniò,4716
milk,4717
lie,4718
hark,4719
postcard,4720
cacao,4721
seventh,4722
austria,4723
deepli,4724
simpler,4725
ibla,4726
export,4727
poder,4728
glamour,4729
fritter,4730
sharp,4731
harbour,4732
honour,4733
segreta,4734
seriana,4735
canocchia,4736
appreci,4737
peru,4738
esposito,4739
manuela,4740
antinori,4741
imbu,4742
scrupul,4743
candela,4744
fermo,4745
trentino-alto,4746
eat,4747
bolsena,4748
menu–of,4749
lover,4750
evangelista,4751
gâteau,4752
antonio,4753
andgelato,4754
cramp,4755
familiar,4756
missoltino,4757
mirazur,4758
strait,4759
timelessli,4760
easi,4761
column,4762
truer,4763
mural,4764
lingotto,4765
left–ther,4766
fabio,4767
lambrusco,4768
vase,4769
svetoni,4770
sell,4771
holzner,4772
vescovil,4773
main,4774
bream,4775
fiera,4776
tyrol,4777
ostentati,4778
sorbet,4779
cipriani,4780
extraordinari,4781
caciucco,4782
lina,4783
base,4784
souvenir,4785
shape,4786
150m,4787
fusion-styl,4788
consequ,4789
sannio,4790
garden,4791
twelv,4792
modesti,4793
vasocottura,4794
locanda,4795
1478.,4796
norbert,4797
550m,4798
spaniard,4799
200,4800
urban,4801
cerami,4802
6,4803
amaranth,4804
toast,4805
bulwark,4806
ivana,4807
necessari,4808
84,4809
vertical,4810
redecor,4811
grocer,4812
england,4813
d'arrostoor,4814
comunal,4815
long,4816
owner-run,4817
tassa,4818
quail,4819
wood-furnish,4820
lomellina,4821
weekli,4822
al,4823
crab,4824
capriat,4825
first,4826
aragones,4827
reli,4828
campobello,4829
ice-cream,4830
mincio,4831
mind,4832
insid,4833
7am,4834
mustard,4835
gluten-fre,4836
poppi,4837
6c,4838
individu,4839
felic,4840
herbert,4841
crest,4842
turin,4843
pfanner,4844
suggest,4845
gorgonzola,4846
often,4847
raf,4848
encompass,4849
territori,4850
marc,4851
giuliana,4852
buca,4853
fogolar,4854
cagliari,4855
valpantena,4856
junior,4857
signal,4858
fairy-tal,4859
exuber,4860
felix,4861
woodsmok,4862
centenari,4863
give,4864
sinc,4865
parmesan,4866
vertigin,4867
giovanni,4868
fondu,4869
advis,4870
issu,4871
leali,4872
california,4873
note,4874
lacemak,4875
glass,4876
ravello,4877
bassetti,4878
well-structur,4879
stelvio,4880
pontoon,4881
parkland,4882
langoustin,4883
send,4884
stephan,4885
transfer,4886
bistro,4887
chiaracia,4888
separ,4889
prophet,4890
well-prepar,4891
ps,4892
brandacujun,4893
millston,4894
stranger,4895
ricordi,4896
flaminio,4897
lot,4898
latest,4899
camaldoli,4900
wine-them,4901
fluffi,4902
25,4903
tutto,4904
teem,4905
finger-food,4906
onward,4907
alajmo,4908
1940,4909
curli,4910
bottoni,4911
settl,4912
colombia,4913
nicoletta,4914
five-grain,4915
zanasi,4916
domingo,4917
950m,4918
apricot,4919
testaccio,4920
champion,4921
vares,4922
moretto,4923
food-lov,4924
takeaway,4925
overnight,4926
harri,4927
agata,4928
whim,4929
allergi,4930
campo,4931
club,4932
russian,4933
ciccio,4934
must-visit,4935
ultra-class,4936
salento,4937
piatti,4938
slow-cook,4939
ciotti,4940
hazama,4941
kursaal,4942
baglio,4943
recip,4944
katia,4945
sourc,4946
bacaro,4947
semifreddo,4948
outcrop,4949
thepizza,4950
domenico,4951
small-scal,4952
pordenon,4953
sorrentino,4954
savouri,4955
kuppelrain,4956
left,4957
root,4958
realis,4959
tild,4960
glowig,4961
fasson,4962
iva,4963
façad,4964
società,4965
giudia,4966
trapani,4967
lean,4968
fix,4969
conero,4970
permitting–and,4971
usual,4972
wing,4973
hall,4974
millefogli,4975
massimiliano,4976
whip,4977
astra,4978
alta,4979
soak,4980
gentl,4981
chieppa,4982
half-port,4983
class,4984
stara,4985
renaiss,4986
star-stud,4987
larger,4988
donna,4989
ladin,4990
cours,4991
onyx,4992
wallpap,4993
di,4994
silvestro,4995
fasano,4996
cristina,4997
indonesian,4998
sow-thistl,4999
nourish,5000
door,5001
grill,5002
ciclopi,5003
grasso,5004
open,5005
sturgeon,5006
1984,5007
burnt,5008
geotherm,5009
terrac,5010
battipaglia,5011
atturrata,5012
figur,5013
erbett,5014
saba,5015
19c-style,5016
kaiseki,5017
silent,5018
marini,5019
malaspina,5020
mantova,5021
karl,5022
imperator,5023
agriturismo,5024
entri,5025
lengthi,5026
castle-hamlet,5027
coll,5028
annunzio,5029
cheese-bas,5030
sylvan,5031
trentinomenu,5032
viaggi,5033
appetit,5034
costanzo,5035
ateli,5036
castelli,5037
gallar,5038
spanish-styl,5039
piergiorgio,5040
bearer,5041
sukiyaki,5042
archway,5043
cell,5044
ampl,5045
buchteln,5046
cibreo,5047
explos,5048
non-alcohol,5049
2019.,5050
friday,5051
lumira,5052
sesso,5053
weather,5054
flank,5055
argentina,5056
ignor,5057
loaf,5058
explor,5059
lombardi,5060
enclav,5061
ruggiero,5062
result,5063
oberwirt,5064
brunico,5065
lastli,5066
trolley,5067
outing,5068
miniato,5069
bettelmatt,5070
imit,5071
apostl,5072
budget,5073
termini,5074
athlet,5075
cordero,5076
bulgari,5077
richard,5078
sugihara,5079
1614,5080
aulenti,5081
everyday,5082
bracali,5083
matscher,5084
2.5km,5085
elia,5086
calandr,5087
articl,5088
bertoli,5089
supplement,5090
castello,5091
authent,5092
polpo,5093
celeriac,5094
fact,5095
bottarga,5096
proposta,5097
kombu,5098
chianina,5099
astonish,5100
dolomit,5101
casoncelli,5102
extra-virgin,5103
whole,5104
aperitif-styl,5105
imposs,5106
grandi,5107
brescia,5108
memori,5109
caramelis,5110
undeni,5111
masè,5112
palac,5113
nemi,5114
mara,5115
hill,5116
guestroom,5117
bartolo,5118
uliassi,5119
umeboshi,5120
fossombron,5121
lava-ston,5122
regional,5123
wood-panel,5124
wisteria-adorn,5125
libero,5126
quadrilater,5127
balsam,5128
lezzereni,5129
prenestino-centocel,5130
choic,5131
doze,5132
south-west,5133
fritta,5134
arriv,5135
bellingeri,5136
beacon,5137
euro,5138
kindergarten,5139
linear,5140
new,5141
nordic,5142
wine-tast,5143
terrazza,5144
nazzarena,5145
approach,5146
push,5147
acireal,5148
yacht,5149
seemingli,5150
pergola,5151
game,5152
nondescript,5153
gastrofluvi,5154
warmth,5155
scuncilli,5156
easili,5157
templ,5158
thousand,5159
rita,5160
romagnola,5161
storici,5162
cv,5163
paprika,5164
bristol,5165
pasta,5166
sale,5167
moment,5168
origin,5169
cuttlefish,5170
coach,5171
roero,5172
colombano,5173
solaria,5174
alpago,5175
heinrich,5176
jam,5177
palmi,5178
well-deserv,5179
lend,5180
josè,5181
quarta,5182
microcosm,5183
oubèrgi,5184
winner,5185
steam,5186
fritti,5187
peking-stylemora,5188
patti,5189
stella,5190
tonnato,5191
dell'orsosemifreddo,5192
alleyway,5193
camino,5194
ala,5195
n't,5196
ad,5197
giandujotto,5198
bucol,5199
document,5200
luri,5201
bruno,5202
high-qual,5203
crowd,5204
domodossola,5205
travertin,5206
sposito,5207
nobuya,5208
si,5209
federica,5210
imag,5211
jurist,5212
effici,5213
elegant,5214
vasariana,5215
lucio,5216
d'annunzio,5217
fixed-pric,5218
tumbl,5219
cozzetto,5220
detract,5221
per,5222
cabl,5223
consum,5224
contrari,5225
rocco,5226
600m,5227
``,5228
commun,5229
framura,5230
angela,5231
paccheri,5232
includingsorbir,5233
quiet,5234
cracker,5235
probabl,5236
1890,5237
invent,5238
fabrizia,5239
comfort,5240
gavi,5241
val,5242
vincenzo,5243
unknown,5244
fumiko,5245
comacina,5246
grand,5247
bodi,5248
con,5249
pico,5250
tribut,5251
antica,5252
technolog,5253
toè,5254
mushroom,5255
provenc,5256
engel,5257
gaetano,5258
shipyard,5259
quicker,5260
baglieri,5261
ink,5262
battl,5263
ambienti,5264
spectrum,5265
multi-level,5266
preposit,5267
mild,5268
valentia,5269
alessandrina,5270
adorn,5271
giardini,5272
vucciria,5273
castrocaro,5274
barn,5275
maître-d,5276
flower,5277
serendipico,5278
vicenza,5279
reclam,5280
eccentr,5281
valpolicella,5282
subtl,5283
retro-styl,5284
beer,5285
sella,5286
giuseppa,5287
piccolo,5288
marjoram,5289
pallon,5290
granari,5291
penna,5292
cannavino,5293
multi-facet,5294
orvieto,5295
whitebait,5296
falanghina,5297
cauliflow,5298
sophist,5299
lowland,5300
lesina,5301
angolo,5302
lanzagallo,5303
coppa,5304
preserv,5305
distract,5306
money,5307
sant'orsola,5308
visconti,5309
number,5310
ligur,5311
galeata,5312
state,5313
scuro,5314
birthday,5315
petra,5316
busi,5317
gargnano,5318
helm,5319
pension,5320
oro,5321
coada,5322
gola,5323
magredi,5324
klaud,5325
vecchio,5326
social,5327
affect,5328
strang,5329
stone-vault,5330
basso,5331
forth,5332
ezio,5333
chateaubriand,5334
windsor,5335
tuesday,5336
aria.in,5337
pan-fri,5338
cultiv,5339
pescator,5340
bertini,5341
amaro,5342
taverna-styl,5343
partner,5344
stracchino,5345
signatur,5346
mandatori,5347
taco,5348
stay,5349
avant-gard,5350
ascani,5351
sagrestia,5352
dim,5353
cervia,5354
2018,5355
staf,5356
anto,5357
1959,5358
conceal,5359
fuenti,5360
synonym,5361
sodano,5362
favorita,5363
taggiasca,5364
pepenero,5365
gramigna,5366
intrigu,5367
marciana,5368
leon,5369
beaten,5370
ciociara,5371
refriger,5372
vallefredda,5373
circella,5374
tortelloni,5375
withciccioli,5376
breccia,5377
filippetto,5378
road,5379
six,5380
garibaldi,5381
may,5382
giampiero,5383
bargellini,5384
whitewash,5385
noli,5386
celebratori,5387
picaggeandpansottipasta,5388
palumbo,5389
congeni,5390
transatlant,5391
oristano,5392
depend,5393
repres,5394
mill,5395
sangiovesi,5396
1910,5397
bed,5398
micro-produc,5399
nightlif,5400
mainland,5401
stucco,5402
gardena,5403
revolutionari,5404
panoram,5405
chantant,5406
exposed-brick,5407
put,5408
criteria,5409
reminisc,5410
cocktail-bar,5411
jasmin,5412
lardo,5413
chitterl,5414
career,5415
trattoria-cum-delicatessen,5416
granda,5417
luciana,5418
refrigeri,5419
peanut,5420
pistoletto,5421
passi,5422
bernini,5423
vigiliu,5424
non-meat-eat,5425
fagon,5426
monviso,5427
everyon,5428
fonduta,5429
bresaola,5430
tuscan,5431
four-cours,5432
strict,5433
caltagiron,5434
vista,5435
chanterel,5436
prefer,5437
let,5438
1990,5439
floriano,5440
acquarol,5441
all'aperto,5442
pezzo,5443
shelv,5444
lava,5445
second-floor,5446
mozzarella,5447
70,5448
trap,5449
vs,5450
millefeuil,5451
peel,5452
staircas,5453
machin,5454
vecchia,5455
canederli,5456
café-cum-bistro,5457
proudest,5458
eye,5459
ripetta,5460
fanci,5461
terni,5462
timbal,5463
expand,5464
met,5465
splendid,5466
caterina,5467
egon,5468
mocellin,5469
wieser,5470
1,5471
liguria,5472
hesit,5473
satnav,5474
bartolucci,5475
honor,5476
triumph,5477
luna,5478
retro,5479
warmer,5480
well-pres,5481
caputo,5482
fresh-,5483
fontanafredda,5484
me,5485
household,5486
vibrant,5487
filanda,5488
collin,5489
red-win,5490
quest,5491
curtaton,5492
ramata,5493
aristocrat,5494
plaza,5495
flavour,5496
tasso,5497
antechamb,5498
michela,5499
discov,5500
prevail,5501
acid,5502
annunziata,5503
re-connect,5504
little-known,5505
mare,5506
energi,5507
risoni,5508
sour,5509
ask,5510
despit,5511
pasticcio,5512
gobbetto,5513
gold-colour,5514
period,5515
nephew,5516
yeast,5517
angiolieri,5518
pompei,5519
1906,5520
initi,5521
gong,5522
cirò,5523
enrico,5524
london,5525
coron,5526
5-,5527
vitello,5528
parallel,5529
spell,5530
sard,5531
faultless,5532
dama,5533
tune,5534
pride,5535
monfort,5536
musso,5537
banquet,5538
bluh,5539
peke,5540
tile,5541
cantarelli,5542
boat,5543
arcinazzo,5544
mouthwat,5545
tapas-styl,5546
pietra,5547
closer,5548
1773,5549
8-point,5550
genoves,5551
surpris,5552
enhanc,5553
monfettini,5554
array,5555
thorough,5556
chang,5557
zillo,5558
distinct,5559
powder,5560
dens,5561
restaurateur,5562
mutual,5563
fallen,5564
miteco,5565
maritozzo,5566
move,5567
guis,5568
raphaël,5569
past,5570
climb,5571
paper,5572
exampl,5573
caponata,5574
mollica,5575
lonigo,5576
talk,5577
brianza,5578
embellish,5579
carlofortinian,5580
tofan,5581
frût,5582
norcia,5583
stray,5584
appli,5585
schüttelbrot,5586
cassata,5587
danc,5588
verit,5589
light-colour,5590
schito,5591
all-encompass,5592
matares,5593
europ,5594
dock,5595
chic,5596
dessert,5597
bra,5598
wend,5599
bite,5600
vers,5601
20,5602
face-lift,5603
eschew,5604
sfogli,5605
buckwheat,5606
sauna,5607
drape,5608
carriag,5609
tiber,5610
verg,5611
ortica,5612
morello,5613
firework,5614
franciosi,5615
caldura,5616
18,5617
steve,5618
south,5619
stress,5620
bar-pasticceria,5621
primi,5622
spiritoso,5623
ristoclub,5624
artusi,5625
oval-shap,5626
not-to-be-miss,5627
prati,5628
noodl,5629
carpaccio,5630
charleston,5631
bear,5632
surfboard,5633
campidano,5634
bluefin,5635
fasolato,5636
outsid,5637
venissa,5638
wagyubeef,5639
casano,5640
500,5641
orchard,5642
curiou,5643
subtli,5644
christoph,5645
genova,5646
trapani-styl,5647
clandestino,5648
moreno,5649
declar,5650
stracciatella,5651
concern,5652
pescocostanzo,5653
detail,5654
late-16c,5655
top,5656
gianduia,5657
scottojonno,5658
est,5659
americano,5660
ragú,5661
heiss,5662
experiment,5663
idyl,5664
agrituristica,5665
grow,5666
truffle-flavour,5667
partenop,5668
minut,5669
niko,5670
candlelight,5671
5-star,5672
high-level,5673
slight,5674
romito,5675
zelo,5676
1250,5677
berruti,5678
seafood,5679
silk,5680
focu,5681
meadow,5682
volcan,5683
circolino,5684
tricesimo,5685
reveal,5686
around,5687
elisa,5688
hustl,5689
metallifer,5690
frosio,5691
piccola,5692
100,5693
carv,5694
beatric,5695
volta,5696
ginger,5697
creativetapasinfluenc,5698
latter,5699
d'epoca,5700
leccarda-styl,5701
cajinci,5702
marcelin,5703
grandpar,5704
wafer,5705
vita,5706
sergeev,5707
laghi,5708
rib,5709
otherwis,5710
mantuan,5711
paella,5712
spaghetto,5713
contin,5714
greater,5715
randazzo,5716
viaggio,5717
sosta,5718
1988,5719
giada,5720
gourmethotel,5721
sculpt,5722
byblo,5723
paint,5724
gremolata,5725
immers,5726
tagliatel,5727
centre-stag,5728
ottima,5729
omakasetast,5730
filippo,5731
leek,5732
baciadonn,5733
negrini,5734
specif,5735
tandoori,5736
oasi,5737
theme,5738
special,5739
recanati,5740
virgilio,5741
escalop,5742
burgundi,5743
sant'antonio,5744
cavallo,5745
salsa,5746
1981,5747
indaco,5748
proverbi,5749
uniqu,5750
alcohol-fre,5751
asfri,5752
photographi,5753
moat,5754
definit,5755
lazian,5756
normal,5757
cypress,5758
rieti,5759
abbattista,5760
test,5761
marmi,5762
daria,5763
beetroot,5764
etc,5765
fondazion,5766
character,5767
nightclub-cum-loung,5768
accademia,5769
innocenti,5770
japanes,5771
minimis,5772
seek,5773
delicatessen,5774
tarquinia,5775
monco,5776
basilica,5777
non,5778
credenti,5779
rocca,5780
godia,5781
courteou,5782
28,5783
frog,5784
santandrea,5785
best-qual,5786
rainer,5787
ronchetto,5788
tuber,5789
previou,5790
enough,5791
arianna,5792
strictli,5793
weekend,5794
andi,5795
affido,5796
kuccagna,5797
british-styl,5798
her,5799
1957,5800
anagram,5801
crescenzo,5802
involtini,5803
quinto,5804
gratin,5805
vigilio,5806
fusillon,5807
sitzigorru,5808
field,5809
astut,5810
marsupino,5811
baglioni,5812
inn-cum-,5813
sebada,5814
tuna,5815
rise,5816
neglect,5817
300,5818
fabul,5819
holiday,5820
caper,5821
ss13,5822
scialatielli,5823
retain,5824
salvo,5825
3ha,5826
boast,5827
teriyaki,5828
vault,5829
marsala,5830
3-litr,5831
perata,5832
tasti,5833
peruvian,5834
pacif,5835
lichen,5836
festiv,5837
section,5838
lo,5839
corn,5840
especi,5841
aficionado,5842
chiusi,5843
esperienz,5844
dry-ag,5845
act,5846
salumi,5847
steal,5848
encircl,5849
rucola,5850
seen,5851
coastlin,5852
trove,5853
40-yolk,5854
lab,5855
recal,5856
marisa,5857
30am,5858
sacristi,5859
spaccanapoli,5860
dove,5861
christian,5862
biodivers,5863
richli,5864
tordelli,5865
sambuca,5866
appoint,5867
elev,5868
chive,5869
sirmion,5870
vale,5871
scandinavian,5872
wealth,5873
peat,5874
piedmont,5875
cattaneo,5876
d'infanzia,5877
bob,5878
revolv,5879
solid,5880
tortelli,5881
kimchi,5882
smeralda,5883
montefollonico,5884
explain,5885
scorzon,5886
lengthway,5887
elba,5888
magistà,5889
zampognaro,5890
much-lov,5891
acorn-flour,5892
hip-hop,5893
properti,5894
fine-tun,5895
modest,5896
ciliegi,5897
1930.,5898
pella,5899
boè,5900
top-floor,5901
scordo,5902
mazzafegato,5903
menegaldo,5904
piccion,5905
procedur,5906
excit,5907
preboggion,5908
marseil,5909
lloyd,5910
spa,5911
zannon,5912
capelli,5913
fabrizi,5914
best-known,5915
marecchia,5916
direct,5917
professor,5918
delic,5919
split,5920
wholem,5921
seem,5922
middl,5923
sauvignon,5924
desenzano,5925
battistoni,5926
modernis,5927
hong,5928
permit,5929
eliseo,5930
list,5931
ever-grow,5932
todi,5933
incred,5934
smetana,5935
officina,5936
antich,5937
recent,5938
delicato,5939
cilento,5940
soccorso,5941
mediterranean,5942
praiano,5943
stapl,5944
biscotti,5945
particolar,5946
lievitazioni,5947
merchant,5948
seven-cours,5949
cosmo,5950
22,5951
format,5952
led,5953
venetian-styl,5954
gravi,5955
shellfish,5956
15th,5957
minim,5958
garda,5959
idylio,5960
wine-enthusiast,5961
conveni,5962
remi,5963
gel,5964
restructur,5965
spimpolo,5966
ambiental,5967
gradual,5968
cohes,5969
earthquak,5970
alto,5971
thesplendid,5972
enorm,5973
unfussi,5974
alreadi,5975
least,5976
reimund,5977
mediterranean-styl,5978
expect,5979
linen,5980
fiamma,5981
stringi,5982
unpretenti,5983
anolini,5984
illustr,5985
basilicata,5986
sprinkl,5987
romant,5988
può,5989
dine,5990
joy,5991
rana,5992
scoprir,5993
modugno,5994
king,5995
custard,5996
biancu,5997
bergamasca,5998
while–hidden,5999
ground,6000
rice,6001
sangioves,6002
paraggi,6003
breeder,6004
lidia,6005
artist,6006
itscipolla,6007
lai,6008
2015,6009
empanada,6010
regina,6011
torrisi,6012
entic,6013
join,6014
potì,6015
bellaria,6016
architect,6017
càuda,6018
aomi,6019
teishokuset,6020
biolo,6021
loung,6022
melandri,6023
ristourànt,6024
gift,6025
genoese-styl,6026
casa,6027
masaki,6028
adapt,6029
restoredtrulliwhich,6030
breakfast,6031
pepp,6032
reinvent,6033
excellentplin,6034
carmelo,6035
dull,6036
chic-industri,6037
disappear,6038
yoji,6039
tirtl,6040
alfresco,6041
recharg,6042
inner,6043
sordi,6044
marra,6045
caoda,6046
low-key,6047
fiorentinaopt,6048
cortina,6049
working-class,6050
décor,6051
carn,6052
sofa,6053
cartene,6054
mancino,6055
accanto,6056
monk,6057
tack,6058
fuoco,6059
mint,6060
boccondivino,6061
grottino,6062
sangro,6063
adher,6064
feria,6065
clam,6066
function,6067
pigna,6068
gioie,6069
vine,6070
liberty-styl,6071
leav,6072
1969,6073
caval,6074
cun,6075
romagna,6076
1618.,6077
industri,6078
salicornia,6079
fenoglio,6080
sei,6081
ensur,6082
che,6083
venosta,6084
gazebo,6085
alongsid,6086
montecristo,6087
clear,6088
open-view,6089
gainn,6090
octopu,6091
5-cours,6092
blu,6093
chioggia,6094
embrac,6095
tend,6096
sparkl,6097
celebr,6098
serendib,6099
arco,6100
2023,6101
annamaria,6102
liqueur,6103
1704,6104
faraglioni,6105
andmortandelasalami,6106
beer-them,6107
ligurian-influenc,6108
ciro,6109
roofbeam,6110
antipasto,6111
workmanship,6112
jerusalem,6113
monteriggioni,6114
damiano,6115
children,6116
barman,6117
told,6118
sun,6119
spot,6120
turi,6121
zaccardi,6122
pasticceria,6123
path,6124
carrot,6125
cajun,6126
montanari,6127
flexibl,6128
beauti,6129
partial,6130
pressati,6131
mediterranean-influenc,6132
cartoccio,6133
excess,6134
16c,6135
venetian,6136
unmistak,6137
23,6138
dant,6139
donato,6140
countrysid,6141
whatev,6142
tobiko,6143
full-bodi,6144
howev,6145
sip,6146
sine,6147
almond,6148
radici,6149
anni,6150
heroic,6151
rais,6152
rare,6153
novo,6154
american-styl,6155
dolomieu,6156
mandra,6157
rubik,6158
ventr,6159
arch,6160
dish,6161
trezzo,6162
bitter,6163
leonardi,6164
wood,6165
earn,6166
romagnol,6167
planeta,6168
erba,6169
coxinendi,6170
distinguish,6171
marches,6172
oxidis,6173
oneglia,6174
mole,6175
control,6176
gambino,6177
ladl,6178
forgotten,6179
vision,6180
chamber,6181
montreal,6182
justli,6183
autumn-bas,6184
celest,6185
cep,6186
borromeo,6187
riscon,6188
siracusa,6189
uruguay,6190
’,6191
solina,6192
adda,6193
cow,6194
stracotto,6195
rapa,6196
privaci,6197
1934.,6198
gut,6199
viaj,6200
20min,6201
breda,6202
casamicciola,6203
rabbit,6204
remo,6205
mayr,6206
sublim,6207
trasimeno,6208
piselli,6209
peak,6210
vistamar,6211
lamp,6212
dario,6213
laguna,6214
sea,6215
balconi,6216
support,6217
renov,6218
possoni,6219
gerri,6220
cantucci,6221
judg,6222
brescian,6223
mundan,6224
signorini,6225
tapestri,6226
sort,6227
storico,6228
cityscape–th,6229
fireplac,6230
malloreddu,6231
raw,6232
breathtakingli,6233
asanolini,6234
sister,6235
thread,6236
129,6237
zazzara,6238
latini,6239
1967,6240
brixen,6241
cliché,6242
type,6243
produttori,6244
piccini,6245
viterbo,6246
forino,6247
niccolò,6248
taragna,6249
pepper,6250
manti,6251
asou,6252
habsburg,6253
caravaggio,6254
cristian,6255
ennio,6256
lanss,6257
illumin,6258
withsolinawheat,6259
propos,6260
utmost,6261
teapot,6262
signor,6263
hyatt,6264
built,6265
10,6266
fundament,6267
1984.,6268
padr,6269
bergeretto,6270
cristo,6271
serena,6272
poet,6273
involtino,6274
colder,6275
interpret,6276
pineappl,6277
cipressi,6278
paola,6279
fast,6280
offer,6281
smoke,6282
misl,6283
befit,6284
sergio,6285
vespasia,6286
stream,6287
proudli,6288
non-resid,6289
wind,6290
develop,6291
531,6292
zen-inspir,6293
nb,6294
hare,6295
aqua,6296
abeurr,6297
meringu,6298
abbondanzi,6299
chef-patron,6300
acciderba,6301
pranzo,6302
rang,6303
giandomenico,6304
alghero,6305
forerunn,6306
cacer,6307
elsa,6308
hosomaki,6309
ortigia,6310
2024quarto,6311
régi,6312
brandini,6313
day,6314
evelyn,6315
asparagu,6316
une,6317
wine,6318
raspberri,6319
capri,6320
bain-mari,6321
slovenia,6322
orangeri,6323
almost,6324
hang,6325
meatbal,6326
sous-vid,6327
weekday,6328
moro,6329
rampina,6330
enthusiast,6331
crespi,6332
sooth,6333
lift,6334
semicircular,6335
1996,6336
tuck,6337
trifl,6338
arno,6339
intric,6340
aspro,6341
avant,6342
lino,6343
think,6344
overli,6345
elisabetta,6346
store,6347
uphil,6348
ronchi,6349
mari,6350
situat,6351
wrought-iron,6352
nich,6353
charg,6354
nettl,6355
aspect,6356
known,6357
forc,6358
mixolog,6359
neat,6360
mattei,6361
emphasi,6362
intesa,6363
sformatino,6364
enoica,6365
sweetbread,6366
benaco,6367
mostli,6368
saganaki,6369
hear,6370
non-fish,6371
aprea,6372
quintero,6373
contemporary-cum-minimalist,6374
steiner,6375
inland,6376
gaspari,6377
marineria,6378
papal,6379
armi,6380
marci,6381
itali,6382
affinita,6383
sear,6384
hagen,6385
chef-cum-poet,6386
oregano,6387
remark,6388
altern,6389
crunchi,6390
ever-evolv,6391
vie,6392
week,6393
natali,6394
pitosforo,6395
poderi,6396
bandi,6397
aurora,6398
magona,6399
senal,6400
natalini,6401
coquu,6402
soft-crunchi,6403
forlì,6404
repertoir,6405
riviera,6406
soup,6407
confid,6408
bellotti,6409
item,6410
carmagnola,6411
alway,6412
900m,6413
volum,6414
firmli,6415
albertina,6416
belgian,6417
predominantli,6418
escarol,6419
possibl,6420
salerno,6421
warhol,6422
linguaglossa,6423
admir,6424
lazarov,6425
parliament,6426
smoker,6427
piola,6428
unavoid,6429
calvisano,6430
spring,6431
perna,6432
bright,6433
opportun,6434
grace,6435
porticciolo,6436
valtellina-styl,6437
freedom,6438
two-michelin-star,6439
vintage-styl,6440
tradizion,6441
gianluca,6442
hotel-restaur,6443
armani,6444
ide,6445
three-star,6446
tuma,6447
blindfold,6448
convinc,6449
multi-michelin-star,6450
accumul,6451
lunchtim,6452
piero,6453
emin,6454
osmosi,6455
quintilio,6456
switzerland,6457
prussian,6458
gagini,6459
luxuri,6460
massucco,6461
icon,6462
baroni,6463
catalogu,6464
cevich,6465
lessinia,6466
sens,6467
sanremo,6468
ferment,6469
dynasti,6470
intestin,6471
wood-beam,6472
gianni,6473
guarneri,6474
harvest,6475
filindeu,6476
nolinski,6477
hord,6478
must,6479
camillo,6480
calamaro,6481
amidst,6482
castelfranco,6483
belov,6484
pre-dinn,6485
corrado,6486
vibe,6487
moma,6488
mattara,6489
imperi,6490
anima,6491
nib,6492
vatican,6493
erb,6494
gener,6495
mediterraneo,6496
consolid,6497
steep,6498
fune,6499
confin,6500
du,6501
biedermei,6502
cucumb,6503
bechamel,6504
morti,6505
final,6506
atyp,6507
gestur,6508
vietres,6509
romagnolo,6510
martino,6511
cabbag,6512
tespi,6513
marzio,6514
sile,6515
l'altro,6516
hard-to-find,6517
well-run,6518
deco,6519
multi,6520
orecchiett,6521
featuresarrosticini,6522
pop,6523
tip,6524
caino,6525
sasso,6526
match,6527
16,6528
specialist,6529
ancestor,6530
novic,6531
self,6532
shone,6533
pictur,6534
exhibit,6535
anonym,6536
frigoriferi,6537
ugento,6538
espelett,6539
3-cours,6540
histori,6541
basil,6542
piazza,6543
indoor,6544
mid,6545
abruzzi,6546
contaminazioni,6547
effort,6548
scene,6549
slide,6550
galleri,6551
vicciola,6552
chronopoulo,6553
chiara,6554
fifteen,6555
pizzaiola,6556
alpine-influenc,6557
venezia,6558
povera,6559
zero-mil,6560
stylish,6561
bacon,6562
giacomo,6563
mt,6564
promenad,6565
herbier,6566
à,6567
l'orto,6568
bressan,6569
300m,6570
rex,6571
stalwart,6572
culmin,6573
fore,6574
night,6575
maschio,6576
shitak,6577
acquolina,6578
capac,6579
suckl,6580
ceraudo,6581
rural,6582
sensat,6583
peppino,6584
rovati,6585
pen,6586
vero,6587
worthi,6588
becom,6589
brazilian,6590
allus,6591
well-chosen,6592
secondi,6593
go,6594
later,6595
ann,6596
fourth,6597
buzz,6598
tall,6599
parker,6600
evidenc,6601
smoky-flavour,6602
way,6603
tourist,6604
faccani,6605
read,6606
luserna,6607
fossa,6608
napl,6609
manger,6610
apart,6611
60th,6612
exclus,6613
iaccarino,6614
stori,6615
sawmil,6616
vipiteno,6617
itsjoia,6618
stile,6619
currant,6620
cultur,6621
place,6622
carropont,6623
lankan,6624
theorsoburg,6625
evoluzion,6626
background,6627
fezzardi,6628
papi,6629
typifi,6630
600,6631
rind,6632
excellentcima,6633
blanc,6634
ornament,6635
prompt,6636
ferrares,6637
traffic-restrict,6638
cotton,6639
overflow,6640
seed,6641
pisarei,6642
portofino,6643
fiori,6644
dell'olio,6645
taggiasch,6646
anyth,6647
marzamemi,6648
laetitia,6649
seabream,6650
thegrand,6651
17c,6652
acquir,6653
half-bottl,6654
ribollita,6655
impass,6656
whose,6657
add,6658
andrea,6659
dual,6660
velveti,6661
coda,6662
good,6663
burri,6664
volp,6665
manduria,6666
soverato,6667
western,6668
brioch,6669
life-long,6670
tipico,6671
varieti,6672
graziano,6673
stellaria,6674
sassari,6675
bouchard,6676
dna,6677
marewhich,6678
train,6679
pansotti,6680
happi,6681
stonework,6682
badia,6683
brunel,6684
pud,6685
easier,6686
clever,6687
2024,6688
target,6689
roquefort,6690
street,6691
pannicolo,6692
zur,6693
integr,6694
rebrand,6695
dietro,6696
amphitheatr,6697
capri-styl,6698
ventresca,6699
spinach,6700
vermouth,6701
fun,6702
milano,6703
refresh,6704
parent,6705
pecorino,6706
characterist,6707
cuomo,6708
suvereto,6709
salesman,6710
color,6711
charcoal,6712
vesta,6713
afield,6714
puccini,6715
mareand,6716
burba,6717
la,6718
slightli,6719
lettuc,6720
extend,6721
banco,6722
lamb,6723
hard,6724
sirmiano,6725
ice-hous,6726
brill,6727
andpetra,6728
eugenio,6729
adjust,6730
member,6731
latt,6732
intern,6733
granddaught,6734
gianello,6735
cedroni,6736
eight-cours,6737
cedro,6738
keep,6739
1926,6740
franco,6741
swordfish,6742
pisciotta,6743
list–in,6744
dedic,6745
1922,6746
mazara,6747
laundri,6748
sicilian,6749
skyscrap,6750
valuabl,6751
vibo,6752
versilia,6753
umbrichelli,6754
typic,6755
acacia,6756
combo,6757
horseradish,6758
alchemi,6759
proprietà,6760
deck,6761
fortunato,6762
pasta-lov,6763
contron,6764
michael,6765
gastro,6766
butcher,6767
pianist,6768
valentina,6769
pastel,6770
piec,6771
sushi,6772
alemb,6773
1848,6774
state-of-the-art,6775
unusu,6776
crostini,6777
bardini,6778
rout,6779
parlour,6780
400m,6781
donei,6782
chees,6783
juke,6784
whiski,6785
equip,6786
ramen,6787
falser,6788
appealingli,6789
pisani,6790
face,6791
gloriou,6792
amiata,6793
allud,6794
bringoli,6795
cuisin,6796
ahimé,6797
blancmang,6798
aversa,6799
bar-cum-restaur,6800
theadriatico-,6801
piastrino,6802
pancak,6803
cheesecak,6804
dori,6805
galaxi,6806
subdu,6807
treviso,6808
skill,6809
theatr,6810
chestnut,6811
boost,6812
inhabit,6813
12-year-old,6814
francigena,6815
fiorella,6816
sciò,6817
buffet,6818
pineta,6819
puf,6820
bordeaux,6821
1987,6822
ameno,6823
branch,6824
metr,6825
raft-cum-platform,6826
livorno,6827
quel,6828
azienda,6829
susci,6830
cube,6831
bathroom,6832
spinach-fil,6833
diario,6834
brazier,6835
confus,6836
recycl,6837
lee,6838
coffer,6839
capit,6840
commiss,6841
morsi,6842
verbania,6843
mediterranean-inspir,6844
tistot,6845
blumenstub,6846
bc,6847
18th,6848
albergo,6849
vignola,6850
absolut,6851
lemon-marin,6852
coeliac,6853
1994,6854
gargioli,6855
via,6856
ducass,6857
slope,6858
landi,6859
flour,6860
love,6861
udin,6862
capo,6863
sbrisolona,6864
sono,6865
errico,6866
sizzl,6867
ago,6868
own,6869
bergamo,6870
robi,6871
began,6872
hous,6873
time,6874
cacio,6875
wine-lov,6876
agre,6877
shelter,6878
ownership,6879
matriciana,6880
beli,6881
alessandro,6882
15km,6883
taster,6884
till,6885
caponada,6886
delicaci,6887
1982,6888
ottog,6889
verd,6890
tripe,6891
hairpin,6892
'nduja,6893
costum,6894
family-run,6895
1945,6896
grillo,6897
trinità,6898
casatiello,6899
persimmon,6900
ziantoni,6901
ischia,6902
solo,6903
cavalieri,6904
billia,6905
cart,6906
echo,6907
polda,6908
flaiano,6909
sansepolcro,6910
pave,6911
pe,6912
multicultur,6913
indigo,6914
reopen,6915
murano,6916
marri,6917
descript,6918
messina,6919
provolon,6920
-cicchetteria,6921
campigotto,6922
hadrian,6923
hover,6924
haller,6925
resid,6926
cardoon,6927
bought,6928
bun,6929
cigar,6930
groceri,6931
bordo,6932
tonola,6933
invit,6934
immacolata,6935
cicetta,6936
giarr,6937
gucci,6938
minnuzza,6939
artistic-cultur,6940
limit,6941
erborinato,6942
oili,6943
tivoli,6944
aliv,6945
2,6946
ariel,6947
iorio,6948
croton,6949
città,6950
mi,6951
charmingli,6952
trani,6953
vittorio,6954
salama,6955
north,6956
allow,6957
keyston,6958
forag,6959
intoler,6960
accompani,6961
municip,6962
pompeo,6963
carta,6964
villadorata,6965
instantli,6966
2024.two,6967
parolina,6968
mother-and-son,6969
angelo,6970
shabbi,6971
60km,6972
agostini,6973
1950,6974
lillybet,6975
recipes.th,6976
gianpaolo,6977
miss,6978
1126,6979
5km,6980
tragara,6981
rosmarino,6982
greeneri,6983
sold,6984
sit,6985
magnum,6986
1939.,6987
palaud,6988
annurca,6989
grandios,6990
taverna,6991
follina,6992
period-styl,6993
salami,6994
bar-cum-pastri,6995
pigeon,6996
sauté,6997
prebugiun,6998
linguin,6999
honest,7000
borgobrufa,7001
delmont,7002
duca,7003
exactli,7004
creat,7005
across,7006
terrace-loung,7007
blend,7008
unsuccess,7009
cutting-edg,7010
bao,7011
inform,7012
lake,7013
fidati,7014
finest,7015
7,7016
horsemeat,7017
friuli-venezia,7018
sicilia,7019
pour,7020
150,7021
ripen,7022
superb,7023
bring,7024
benedikto,7025
rio,7026
full,7027
tortonesi,7028
calderino,7029
approxim,7030
riscoperta,7031
two,7032
salon,7033
experi,7034
bank,7035
bishop,7036
perpetu,7037
star,7038
boccadass,7039
addict,7040
liveliest,7041
dominican,7042
melt,7043
giovan,7044
flag,7045
well-earn,7046
juic,7047
lanzellotti,7048
ossobuco-fil,7049
itinerari,7050
elefant,7051
primari,7052
fogher,7053
venu,7054
announc,7055
bianco,7056
friuli,7057
7pm,7058
porcelli,7059
edg,7060
zero-wast,7061
mazzara,7062
parisian,7063
decept,7064
lounge-cum-win,7065
longhini,7066
molaro,7067
claudio,7068
meaning,7069
pepe,7070
dello,7071
blind,7072
sanità,7073
rombo,7074
sfogliatina,7075
flask,7076
spill,7077
tarallo,7078
custom,7079
glamor,7080
ossola,7081
crenel,7082
albavilla,7083
torr,7084
frattaubread,7085
tuscan-styl,7086
devot,7087
nardini,7088
18c,7089
mist,7090
cement,7091
american,7092
bespok,7093
pine,7094
merano,7095
muscat,7096
vincent,7097
12,7098
roman,7099
furnitur,7100
tivoli.adriano,7101
circular-bas,7102
amici,7103
canossa,7104
feniletto,7105
cure,7106
000,7107
truffl,7108
branca,7109
white-chocol,7110
histaralliand,7111
5pm,7112
dri,7113
creation,7114
fantasi,7115
elsewher,7116
conservatori,7117
paradiso,7118
sakali,7119
melania,7120
100ha,7121
entrepreneur,7122
crisci,7123
theoret,7124
chef,7125
bronzo,7126
sicili,7127
mapl,7128
macaroon,7129
craparo,7130
mine,7131
ethic,7132
vallio,7133
papà,7134
guangzhou,7135
haziri,7136
d'autunno,7137
whichev,7138
togeth,7139
mexican,7140
guggenheim,7141
tomato-flavour,7142
sunset,7143
aroma,7144
decidedli,7145
adventur,7146
sini,7147
amatriciana,7148
olbia,7149
carri,7150
size,7151
flaw,7152
argentin,7153
bubbl,7154
proceed,7155
l'essenza,7156
adriano,7157
personalis,7158
notic,7159
opposit,7160
taratatà,7161
acquedotto,7162
hidden,7163
malga,7164
va,7165
contemporari,7166
engag,7167
return,7168
perticara,7169
blackberri,7170
besid,7171
signific,7172
anim,7173
kistè,7174
sudden,7175
difficulti,7176
grouper,7177
beyond,7178
rino,7179
pescara,7180
undiminish,7181
connoisseur,7182
craftsmen,7183
miki,7184
seclud,7185
1/b,7186
pralin,7187
restaurant-own,7188
employe,7189
krug,7190
oldofredi,7191
herb-crust,7192
hidalgo,7193
kuroda,7194
giulio,7195
gallo,7196
coratella,7197
formazza,7198
afternoon,7199
barbanera,7200
ricchebuono,7201
sant'agata,7202
war,7203
farnes,7204
comprehens,7205
montagna,7206
confit,7207
neo-rur,7208
babi,7209
guado,7210
weak,7211
entranc,7212
mont,7213
along,7214
merlo,7215
castelvetro,7216
arcad,7217
bruzzon,7218
isid,7219
hassler,7220
watch,7221
check,7222
subida,7223
crippa,7224
calabres,7225
mangiala,7226
greek,7227
local,7228
monopoli,7229
portrait,7230
tre,7231
filippi,7232
villoresi,7233
ancona,7234
botania,7235
ghedini,7236
aminta,7237
absinth,7238
20menu,7239
airi,7240
chri,7241
tenaci,7242
autumn,7243
lui,7244
counter-styl,7245
heavili,7246
400,7247
bedroom,7248
aalto,7249
ora,7250
vittorial,7251
sail,7252
hernan,7253
all'arnei,7254
piatto,7255
asado,7256
3,7257
1901.,7258
tench,7259
argaj,7260
fingerlim,7261
softli,7262
rispoli,7263
lombardian,7264
eaten,7265
camia,7266
becam,7267
drive,7268
up-to-d,7269
refin,7270
guarino,7271
toku,7272
quarto,7273
polo,7274
corona,7275
ça,7276
tina,7277
capitolo,7278
miraval,7279
mille-feuil,7280
etra,7281
stand,7282
flock,7283
satoshi,7284
savor,7285
consist,7286
stove,7287
subdivid,7288
fortifi,7289
pino,7290
numer,7291
curd,7292
catucci,7293
silva,7294
colorata,7295
fritto,7296
maximum,7297
restaur,7298
walk,7299
phi,7300
sticker,7301
rule,7302
1992,7303
ti,7304
walnut,7305
pinewood,7306
baba,7307
screen,7308
aimo,7309
beluga,7310
doorbel,7311
brut,7312
intellig,7313
culatello,7314
stall,7315
gian,7316
coldana,7317
classico,7318
charcoal-gril,7319
zass,7320
somewher,7321
maurilio,7322
féold,7323
1717,7324
pensando,7325
aria,7326
san,7327
galleon,7328
dent,7329
porto,7330
chalet,7331
temperatur,7332
famili,7333
calandrino,7334
seeport,7335
offshor,7336
excelsior,7337
partli,7338
tenerumi,7339
proprietor,7340
1995,7341
metro,7342
ahrntal,7343
roberto,7344
mondello,7345
cava,7346
numerouscicchetti,7347
purchas,7348
35,7349
clue,7350
d'alpeggio,7351
york-styl,7352
prison,7353
simpli,7354
style,7355
sheepfold,7356
gulf,7357
water,7358
foremost,7359
chemic,7360
ricchebono,7361
perugia,7362
sweet,7363
clock,7364
bressanon,7365
assist,7366
kidney,7367
anghiari,7368
satisfi,7369
privat,7370
garlic,7371
leather,7372
1887,7373
guess,7374
nobl,7375
su,7376
18ha,7377
pupil,7378
straordinario,7379
music,7380
broke,7381
condo,7382
bundl,7383
guancialino,7384
spatula,7385
focacceria,7386
shred,7387
marchesi,7388
wish,7389
catania,7390
rosina,7391
giacinto,7392
ztl,7393
younger,7394
tomberli,7395
grasparossa,7396
craftsmanship,7397
receiv,7398
shorter,7399
sandra,7400
consumm,7401
sontuosi,7402
pievasciata,7403
soil,7404
erbaluc,7405
sand,7406
naxo,7407
daniela,7408
black,7409
hewn,7410
steel,7411
è,7412
profil,7413
agro,7414
mostarda,7415
concis,7416
pivot,7417
truli,7418
ladin-inspir,7419
ticket,7420
hut,7421
parizzi,7422
green,7423
faster,7424
pre-arrang,7425
sweet-scent,7426
fan,7427
inevit,7428
1949,7429
tortellino,7430
pull,7431
sassolungo,7432
oper,7433
chioccia,7434
obsess,7435
mezzanin,7436
exquisitepanzerotti,7437
veranda,7438
esperienza,7439
forio,7440
pre-,7441
hearti,7442
warmli,7443
aim,7444
ship,7445
spilimbergo,7446
8pm,7447
barg,7448
spectacl,7449
natur,7450
award,7451
stew,7452
fold,7453
centofanti,7454
1885,7455
nunziata,7456
photo,7457
alpine-styl,7458
trademark,7459
pois,7460
master,7461
mellino,7462
cuneo,7463
cappuccino,7464
ligurian-styl,7465
ionian,7466
fattoria,7467
monferrato,7468
merlot,7469
venezuela,7470
conchiglioni,7471
de,7472
open-air,7473
candle-lit,7474
ferreri,7475
pisser,7476
tondo,7477
soft-ton,7478
general,7479
battisti,7480
banal,7481
200th,7482
addit,7483
lakeshor,7484
ember,7485
competit,7486
princip,7487
adler,7488
cooler,7489
brutto,7490
catch,7491
buff,7492
octob,7493
spruce,7494
prove,7495
convey,7496
vite,7497
strengthen,7498
grifon,7499
andora,7500
cross-vault,7501
munzillo,7502
rapolano,7503
matilda,7504
cassinetta,7505
reliabl,7506
pompanin,7507
speed,7508
roam,7509
trendiest,7510
tabl,7511
breuil-cervinia,7512
pùzalyandchjùbica,7513
ferretto,7514
anoth,7515
countless,7516
thermal,7517
selva,7518
comandant,7519
bloom,7520
capanna,7521
rivoli,7522
bad,7523
renown,7524
snowsho,7525
1927,7526
shorelin,7527
classic-modern,7528
prest,7529
bolognina,7530
breathtak,7531
bosco,7532
pollock,7533
terrace-cum-garden,7534
vanessa,7535
montefeltro,7536
home-styl,7537
certain,7538
green-colour,7539
sourdough,7540
iwai,7541
ahead,7542
pantesco,7543
joint,7544
ambiti,7545
tablewar,7546
preced,7547
maintain,7548
height,7549
patricia,7550
tantri,7551
citru,7552
turn,7553
bistro-restaur,7554
colmetto,7555
abl,7556
ruffl,7557
ampezzo-styl,7558
issa,7559
delizi,7560
lido,7561
higher,7562
brunch,7563
marinara,7564
snack,7565
delight,7566
bandwagon,7567
primit,7568
denomin,7569
ident,7570
watermil,7571
intent,7572
nonetheless,7573
shiroya,7574
alzaia,7575
car,7576
1693,7577
tenor,7578
frill,7579
sweep,7580
cardi,7581
spici,7582
pile,7583
dolom,7584
conjur,7585
suprem,7586
artemid,7587
hazel,7588
tommaso,7589
courtesi,7590
eugenia,7591
portes,7592
blaze,7593
secret,7594
pipe,7595
mio,7596
asina,7597
cartosio,7598
immens,7599
baumgartn,7600
sugo,7601
vegetali,7602
spong,7603
counterpart,7604
smaller,7605
1903,7606
camilla,7607
mullet,7608
elderflow,7609
impli,7610
montese-styl,7611
equa,7612
carrara,7613
delta,7614
giusepp,7615
calabria,7616
criss-cross,7617
vecio,7618
unpredict,7619
purpos,7620
alessandria,7621
bistrot,7622
spigaroli,7623
coincid,7624
ochr,7625
tea,7626
ruin,7627
varaita,7628
carricant,7629
gamay,7630
ingredi,7631
boathous,7632
baracchi,7633
leg,7634
uninterrupt,7635
acoust,7636
gualdo,7637
coast,7638
agavi,7639
marubini,7640
summertim,7641
martella,7642
orobica,7643
teatro,7644
galateo,7645
mahogani,7646
giulia,7647
nutrit,7648
cantina,7649
emblem,7650
caravella,7651
real,7652
home-produc,7653
gate,7654
tri,7655
quinson,7656
hope,7657
peci,7658
marca,7659
2010,7660
bowl,7661
wait,7662
palagio,7663
modica,7664
predilect,7665
costabella,7666
abund,7667
fumag,7668
intim,7669
lana,7670
homemad,7671
orientali,7672
shore,7673
sleep,7674
bewar,7675
sarca,7676
postorino,7677
14,7678
1585.,7679
rossini,7680
carte.servic,7681
yolk,7682
porta,7683
patienc,7684
shell,7685
nicknam,7686
fascin,7687
cedron,7688
ideal,7689
ossobuco,7690
marina,7691
cére,7692
energet,7693
pheasant,7694
fortun,7695
gin,7696
lanza,7697
knowledg,7698
vietri,7699
punctual,7700
term,7701
querc,7702
piazzetta,7703
raviolo,7704
emuls,7705
revel,7706
florenc,7707
sculptur,7708
francon,7709
girasoli,7710
excellentcostoletta,7711
nineteenth,7712
summer,7713
perdomoalso,7714
trafilata,7715
albereta,7716
balbianello,7717
clean,7718
buzara,7719
grandma,7720
culurgion,7721
bill,7722
baldessari,7723
ragu,7724
1979,7725
ounc,7726
elegantli,7727
migliaccio,7728
passageway,7729
yuzu,7730
away,7731
resourc,7732
aperitif,7733
pike,7734
ricorda,7735
manchego,7736
anita,7737
make,7738
croce,7739
drink,7740
restrain,7741
carbonara,7742
strike,7743
glori,7744
spanish,7745
colonnata,7746
erminio,7747
lid,7748
oyster,7749
moura,7750
confirm,7751
manuel,7752
maranello,7753
spotlight,7754
cloister,7755
li,7756
inexhaust,7757
east,7758
textur,7759
aosta,7760
rum,7761
umbrian,7762
trade,7763
unrival,7764
sushi-styl,7765
blue,7766
zabajon,7767
playground,7768
disheswith,7769
veranda-din,7770
14c,7771
pirandello,7772
sometim,7773
1000,7774
show,7775
barbato,7776
former,7777
consult,7778
numana,7779
seat,7780
tirtlan,7781
inspir,7782
liqueur-mak,7783
centr,7784
